#,Health Monitors,Price,Rating,Link,Top Review
1,Omron Bp742n 5 Series Advanced-accuracy Upper Arm Bl  ...,$39.99,4.5/5.0,https://www.walmart.com/ip/Omron-Bp742n-5-Series-Advanced-accuracy-Upper-Arm-Blood-Pressure-Monitor/38335908,blank
2,Omron Bp785n 10 Series Advanced-accuracy Upper Arm B  ...,$59.99,4.5/5.0,https://www.walmart.com/ip/Omron-Bp785n-10-Series-Advanced-accuracy-Upper-Arm-Blood-Pressure-Monitor/38335906,blank
3,Garmin Forerunner 35 GPS Running Watch,$169.99,4.3/5.0,https://www.walmart.com/ip/Garmin-Forerunner-35-GPS-Running-Watch/54319418?wpa_bd=&wpa_pg_seller_id=F55CDC31AB754BB68FE0B39041159D63&wpa_ref_id=e3743208c5f38e870a6418c631127940&wpa_aux_info=__aux_info__&wpa_tag=&wpa_pos=3&wpa_plmt=__plmt__&wpa_aduid=__aduid__,blank
4,OLED Finger tip Pulse Oximeter Blood Oxygen Monitor   ...,$11.99,4.6/5.0,https://www.walmart.com/ip/OLED-Finger-tip-Pulse-Oximeter-Blood-Oxygen-Monitor-CONTEC-CMS50NA/832879811,blank
5,Garmin Vivosmart HR Plus,$104.99 - $112.51,4.2/5.0,https://www.walmart.com/ip/Garmin-Vivosmart-HR-Plus/54319244,blank
6,Omron BP629N 3 Series Wrist Blood Pressure Monitor,$36.88,4.5/5.0,https://www.walmart.com/ip/Omron-BP629N-3-Series-Wrist-Blood-Pressure-Monitor/15715320,blank
7,LED Finter Pulse Oximeter Oxygen saturation machine   ...,$10.99,1.0/5.0,https://www.walmart.com/ip/LED-Finter-Pulse-Oximeter-Oxygen-saturation-machine-pulse-oximetry-SPO2-Monitor/578671433,blank
8,Omron 10 Series Upper Arm Blood Pressure Monitor wit  ...,$64.99,4.1/5.0,https://www.walmart.com/ip/Omron-10-Series-Upper-Arm-Blood-Pressure-Monitor-with-Bluetooth-Smart-BP786/38335911,blank
9,Omron 7 series Wrist Blood Pressure Monitor,$56.99,4.6/5.0,https://www.walmart.com/ip/Omron-7-series-Wrist-Blood-Pressure-Monitor/46717863,blank
10,EHM Full Automatic LCD Digital Upper Arm Blood Press  ...,$23.48,4.3/5.0,https://www.walmart.com/ip/EHM-Full-Automatic-LCD-Digital-Upper-Arm-Blood-Pressure-Monitor-with-Arm-Cuff/132572295,blank
11,HoMedics BPW-060 Automatic Wrist Blood Pressure Moni  ...,$39.99,4.8/5.0,https://www.walmart.com/ip/HoMedics-BPW-060-Automatic-Wrist-Blood-Pressure-Monitor/17433497,blank
12,Omron 7 Series Wireless Bluetooth Upper Arm Blood Pr  ...,$50.68,4.2/5.0,https://www.walmart.com/ip/Omron-7-Series-Wireless-Bluetooth-Upper-Arm-Blood-Pressure-Monitor-with-Two-User-Mode/38335910,blank
13,As Seen on TV Blood Pressure Monitor by Color Doctor,$39.95,3.8/5.0,https://www.walmart.com/ip/As-Seen-on-TV-Blood-Pressure-Monitor-by-Color-Doctor/171086340,blank
14,Innovo Deluxe Fingertip Pulse Oximeter with Plethysm  ...,$22.95,4.9/5.0,https://www.walmart.com/ip/Innovo-Deluxe-Fingertip-Pulse-Oximeter-with-Plethysmograph-and-Perfusion-Index/165943306,blank
15,Wrist Blood Pressure Cuff Wrist Monitor Automatic Di  ...,$14.99,2.5/5.0,https://www.walmart.com/ip/Wrist-Blood-Pressure-Cuff-Wrist-Monitor-Automatic-Di-gital-Sphygmomanometer-BP-Machine-Measures-Pulse-Diastolic-Systolic-High-Accurate-Meter-Best-Rea/684491260,blank
16,FaceLake FL-400 Fingertip Pulse Oximeter Pink,$13.50,4.7/5.0,https://www.walmart.com/ip/FaceLake-FL-400-Fingertip-Pulse-Oximeter-Pink/180280696,blank
17,Omron EVOLV Upper Arm Blood Pressure Monitor (BP 700  ...,$69.99,4.4/5.0,https://www.walmart.com/ip/Omron-EVOLV-Upper-Arm-Blood-Pressure-Monitor-BP-7000/326384298,blank
18,Everlast TR10 Blood Pressure and Heart Rate Monitor   ...,$34.62 - $52.77,3.8/5.0,https://www.walmart.com/ip/Everlast-TR10-Blood-Pressure-and-Heart-Rate-Monitor-Activity-Tracker-Includes-Caller-ID-and-Message-Previews/157143777,blank
19,Zacurate 500BL Fingertip Pulse Oximeter Blood Oxygen  ...,$13.50,4.6/5.0,https://www.walmart.com/ip/Zacurate-500BL-Fingertip-Pulse-Oximeter-Blood-Oxygen-Saturation-Monitor-with-batteries-and-lanyard-included-Chromatic-Blue/757187983,blank
20,ChoiceMMed Pulse Oximeter,$34.99,4.6/5.0,https://www.walmart.com/ip/ChoiceMMed-Pulse-Oximeter/17325061,blank
21,LED Finter tip Pulse Oximeter Blood Oxygen Monitor B  ...,$14.39,3.0/5.0,https://www.walmart.com/ip/LED-Finter-tip-Pulse-Oximeter-Blood-Oxygen-Monitor-BLACK-CONTEC/450044674,blank
22,"ReliOn Wrist Blood Pressure Monitor, BP200W",$29.88,2.5/5.0,https://www.walmart.com/ip/ReliOn-Wrist-Blood-Pressure-Monitor-BP200W/31956247,blank
23,Apple Watch Series 3 GPS - Sport Band - Aluminum Cas  ...,$309.00 - $384.99,4.7/5.0,https://www.walmart.com/ip/Apple-Watch-Series-3-GPS-Sport-Band-Aluminum-Case/560446639,blank
24,Omron HBF-306C Body Fat Loss Monitor - Black,$35.31,4.5/5.0,https://www.walmart.com/ip/Omron-HBF-306C-Body-Fat-Loss-Monitor-Black/3342463,blank
25,"3M Littmann Cardiology IV Stethoscope, Available in   ...",$164.65 - $186.19,2.7/5.0,https://www.walmart.com/ip/3M-Littmann-Cardiology-IV-Stethoscope-Available-in-Multiple-Colors/112383005,blank
26,Navage Nasal Irrigation Deluxe Bundle: Navage Nose C  ...,$116.95 - $119.95,4.0/5.0,https://www.walmart.com/ip/Navage-Nasal-Irrigation-Deluxe-Bundle-Navage-Nose-Cleaner-48-SaltPod-Capsules-Countertop-Caddy-Travel-Case-162-75-purchased-separately-You-save-52-80/157182505,blank
27,Apple Watch Series 1 - 38mm - Sport Band - Aluminum   ...,$269.00 - $279.00,4.8/5.0,https://www.walmart.com/ip/Apple-Watch-Series-1-38mm-Sport-Band-Aluminum-Case/54594239,blank
28,Polar H10 Heart Rate Sensor M-XXL,$72.00,4.9/5.0,https://www.walmart.com/ip/Polar-H10-Heart-Rate-Sensor-M-XXL/210352504,blank
29,"Apple Watch Sport 38mm, Refurbished",$186.46,3.6/5.0,https://www.walmart.com/ip/Apple-Watch-Sport-38mm-Refurbished/55009797,blank
30,Zacurate Pro Series Deluxe 500D Fingertip Pulse Oxim  ...,$22.95,5.0/5.0,https://www.walmart.com/ip/Zacurate-Pro-Series-Deluxe-500D-Fingertip-Pulse-Oximeter-Blood-Oxygen-Saturation-Monitor-Plethysmograph-Feature-Silicon-Cover-Lanyard-Batteries-Mysti/55456583,blank
31,LotFancy Wrist Blood Pressure Monitor Machine with P  ...,$15.99,3.7/5.0,https://www.walmart.com/ip/LotFancy-Wrist-Blood-Pressure-Monitor-Machine-with-Portable-Case-for-Home-Use-FDA-Approved-WHO-Indicator-60-Memories/102213879,blank
32,"Apple Watch Sport 42mm, Refurbished",$174.98,4.3/5.0,https://www.walmart.com/ip/Apple-Watch-Sport-42mm-Refurbished/55009798,blank
33,Fitbit Charge 2 Special Edition - Large,$149.95,0.0/5.0,https://www.walmart.com/ip/Fitbit-Charge-2-Special-Edition-Large/424208585,blank
34,Zacurate Pro Series 500DL Fingertip Pulse Oximeter B  ...,$18.95,4.6/5.0,https://www.walmart.com/ip/Zacurate-Pro-Series-500DL-Fingertip-Pulse-Oximeter-Blood-Oxygen-Saturation-Monitor-with-Silicon-Cover-Batteries-and-Lanyard-Royal-Purple/55456580,blank
35,AGPTEK Fitness Tracker Touch Screen Lady Smart watch  ...,$31.34,4.6/5.0,https://www.walmart.com/ip/AGPTEK-Fitness-Tracker-Touch-Screen-Lady-Smart-watch-with-Active-Heart-Rate-Monitor-Suit-for-Swimming-Pedometer-for-IOS/113247108,blank
36,Ozeri 4x3razor Pocket 3D Pedometer and Activity Trac  ...,$11.99,3.9/5.0,https://www.walmart.com/ip/Ozeri-4x3razor-Pocket-3D-Pedometer-and-Activity-Tracker-with-Bosch-Tri-Axis-Technology-from-Germany/41426181,blank
37,"Omron Pedometer, 1.0 CT",$9.47,4.1/5.0,https://www.walmart.com/ip/Omron-Pedometer-1-0-CT/24262899,blank
38,Zacurate Pro Series 500DL Fingertip Pulse Oximeter B  ...,$18.95,4.8/5.0,https://www.walmart.com/ip/Zacurate-Pro-Series-500DL-Fingertip-Pulse-Oximeter-Blood-Oxygen-Saturation-Monitor-with-Silicon-Cover-Batteries-and-Lanyard-Mystic-Black/55456579,blank
39,Zacurate Pro Series Deluxe 500D Fingertip Pulse Oxim  ...,$22.95,4.5/5.0,https://www.walmart.com/ip/Zacurate-Pro-Series-Deluxe-500D-Fingertip-Pulse-Oximeter-Blood-Oxygen-Saturation-Monitor-Plethysmograph-Feature-Silicon-Cover-Lanyard-Batteries-Royal/55456584,blank
40,Blood Pressure Monitor 7 Seriesâ„¢ Automatic One Size   ...,$36.58,4.3/5.0,https://www.walmart.com/ip/Blood-Pressure-Monitor-7-Series-Automatic-One-Size-Fits-Most-Wrist/15702123,blank
