#,Mobility Equipment Accessories,Price,Rating,Link,Top Review
1,Costway Portable Aluminum Non-skid 8' Multifold Whee  ...,$229.99,0.0/5.0,https://www.walmart.com/ip/Costway-Portable-Aluminum-Non-skid-8-Multifold-Wheelchair-Ramp-Mobility-Scooter-Carrier/558582527,blank
2,Drive Medical Walker Wheels with Two Sets of Rear Gl  ...,$19.00,4.5/5.0,https://www.walmart.com/ip/Drive-Medical-Walker-Wheels-with-Two-Sets-of-Rear-Glides-for-Use-with-Universal-Walker-5-Gray-1-Pair/14934347,blank
3,Jobar Universal Walker Tray  20-3/4'' x 15-3/4'' x 1  ...,$12.40,4.0/5.0,https://www.walmart.com/ip/Jobar-Universal-Walker-Tray-20-3-4-x-15-3-4-x-1/110586163?wpa_bd=&wpa_pg_seller_id=DABA61A51AA444798605B2E5391AF8EA&wpa_ref_id=b0a433ed27158b74143e296366fda715&wpa_aux_info=__aux_info__&wpa_tag=&wpa_pos=3&wpa_plmt=__plmt__&wpa_aduid=__aduid__,blank
4,"Drive Medical Universal Walker Wheels, 1 Pair",$11.25 - $13.50,4.8/5.0,https://www.walmart.com/ip/Drive-Medical-Universal-Walker-Wheels-1-Pair/17284816,blank
5,HOMCOM 2â€™ Portable Textured Aluminum Folding Wheelch  ...,$59.99,4.7/5.0,https://www.walmart.com/ip/HOMCOM-2-Portable-Textured-Aluminum-Folding-Wheelchair-Threshold-Ramp/158605087?wpa_bd=&wpa_pg_seller_id=6DDDB1C7DB76491AA6DC17F8C33B4DF1&wpa_ref_id=b655efe0de0a1822e6404f47c4f06fc3&wpa_aux_info=__aux_info__&wpa_tag=&wpa_pos=5&wpa_plmt=__plmt__&wpa_aduid=__aduid__,blank
6,Gymax Aluminum 4' - 7' Adjustable Non-skid Loading W  ...,$129.99,0.0/5.0,https://www.walmart.com/ip/Gymax-Aluminum-4-7-Adjustable-Non-skid-Loading-Wheelchair-Telescoping-Track-Ramp/949543897,blank
7,Walker/Wheelchair/Scooter Bag,$12.47,4.8/5.0,https://www.walmart.com/ip/Walker-Wheelchair-Scooter-Bag/33789757,blank
8,Costway Portable Aluminum Non-skid 5' L Wheelchair R  ...,$145.99,0.0/5.0,https://www.walmart.com/ip/Costway-Portable-Aluminum-Non-skid-5-L-Wheelchair-Ramp-Mobility-Scooter-Carrier/415827713,blank
9,"Equate Walker Tennis Balls, 2 Ct",$13.19,4.7/5.0,https://www.walmart.com/ip/Equate-Walker-Tennis-Balls-2-Ct/14179100,blank
10,Guardian Walker Glide Caps - G07904,$6.80,5.0/5.0,https://www.walmart.com/ip/Guardian-Walker-Glide-Caps-G07904/42066562,blank
11,"Adjustable Drink Cup Holder for Wheelchairs, Walkers  ...",$14.99,4.7/5.0,https://www.walmart.com/ip/Adjustable-Drink-Cup-Holder-for-Wheelchairs-Walkers-Rollators-and-Bikes/132237672,blank
12,"Carex Walker Auto Glides, 2 Ct",$7.98,4.3/5.0,https://www.walmart.com/ip/Carex-Walker-Auto-Glides-2-Ct/28933659,blank
13,"DMI Wheelchair Cushion for Pressure Sore Relief, Sea  ...",$30.45,3.3/5.0,https://www.walmart.com/ip/DMI-Wheelchair-Cushion-for-Pressure-Sore-Relief-Seat-Cushion-for-Wheelchair-Comfort-Pillow-Cushion-for-Seniors-and-Elderly-Plaid/36782225,blank
14,Able Life Universal Stand Assist,$79.00,4.7/5.0,https://www.walmart.com/ip/Able-Life-Universal-Stand-Assist/39992212,blank
15,Medline Walker Basket Accessory,$19.25,4.0/5.0,https://www.walmart.com/ip/Medline-Walker-Basket-Accessory/7983662,blank
16,Stander Walker Replacement Glides- Set of 2,$9.99,4.7/5.0,https://www.walmart.com/ip/Stander-Walker-Replacement-Glides-Set-of-2/44374598,blank
17,"PCP Wire Basket For Dual Release Walker, White,",$18.99,0.0/5.0,https://www.walmart.com/ip/PCP-Wire-Basket-For-Dual-Release-Walker-White/529094087,blank
18,Costway Portable Aluminum Non-skid 7' Multifold Whee  ...,$199.99,0.0/5.0,https://www.walmart.com/ip/Costway-Portable-Aluminum-Non-skid-7-Multifold-Wheelchair-Ramp-Mobility-Scooter-Carrier/231541728,blank
19,"RMS Precut Walker balls, Walker Glides or Walker Gli  ...",$6.99,1.0/5.0,https://www.walmart.com/ip/RMS-Precut-Walker-balls-Walker-Glides-or-Walker-Glide-balls-Walker-Skis-Pack-of-2-6-Color-Choices/833252788,blank
20,"1"" Wheelchair and Scooter Doorway Threshold Ramp",$36.99,0.0/5.0,https://www.walmart.com/ip/1-Wheelchair-and-Scooter-Doorway-Threshold-Ramp/29407108,blank
21,Buy-Hive Wheelchair Ramp 2ft/3ft/6ft/8ft Aluminum Sc  ...,$61.99 - $194.99,0.0/5.0,https://www.walmart.com/ip/Buy-Hive-Wheelchair-Ramp-2ft-3ft-6ft-8ft-Aluminum-Scooter-Gateway-Access-Loading-Stair-Threshold-Ramps/308070892,blank
22,"Equate Transport Wheelchair, Black",$148.00,4.6/5.0,https://www.walmart.com/ip/Equate-Transport-Wheelchair-Black/14179108,blank
23,Stander Walker 2-Pocket Organizer Pouch,$15.00,4.8/5.0,https://www.walmart.com/ip/Stander-Walker-2-Pocket-Organizer-Pouch/44374597,blank
24,(2 Pack) As Seen On TV! Gopher II Deluxe Pick Up & R  ...,$8.79 - $15.99,3.9/5.0,https://www.walmart.com/ip/2-Pack-As-Seen-On-TV-Gopher-II-Deluxe-Pick-Up-Reaching-Tool/977867921,blank
25,"RMS Precut Walker balls, Walker Glides or Walker Gli  ...",$10.99,0.0/5.0,https://www.walmart.com/ip/RMS-Precut-Walker-balls-Walker-Glides-or-Walker-Glide-balls-Walker-Skis-6-Color-Choices-2-Pair-or-Pack-of-4/577964377,blank
26,Orthopedic Seat Cushion for Office Chair & Car Seat   ...,$17.95,5.0/5.0,https://www.walmart.com/ip/Orthopedic-Seat-Cushion-for-Office-Chair-Car-Seat-Coccyx-Tailbone-Pillow-Helps-Relieve-Sciatica-Pain/988136145,blank
27,Premium Orthopedic Seat Cushion by Techege Comfort M  ...,$19.99,4.6/5.0,https://www.walmart.com/ip/Premium-Orthopedic-Seat-Cushion-Techege-Comfort-Memory-Foam-Grade-Cooling-Coccyx-Tailbone-Wheelchair-Back-pain-Comfortable-Non-Slip-Chair-Seat-Cushion/453670863,blank
28,Uplift Premium Portable Power Seat Assist With Premi  ...,$189.95,3.6/5.0,https://www.walmart.com/ip/Uplift-Premium-Portable-Power-Seat-Assist-With-Premium-Memory-Foam-20/21453290,blank
29,69'' Tri-Fold Aluminum Folding Loading Ramp for ATV   ...,$98.84,0.0/5.0,https://www.walmart.com/ip/69-Tri-Fold-Aluminum-Folding-Loading-Ramp-for-ATV-Motorcycle-Truck-Trailer-Lawnmower-1500lb-Capacity/476766816,blank
30,Mabis Healthcare Foot Stool with Handle,$39.99,4.7/5.0,https://www.walmart.com/ip/Mabis-Healthcare-Foot-Stool-with-Handle/10161108,blank
31,"Carex Folding Crutches for Youth, Adult and Tall Use  ...",$35.83,4.0/5.0,https://www.walmart.com/ip/Carex-Folding-Crutches-for-Youth-Adult-and-Tall-Users/33484288,blank
32,Uplift Premium Power Seat Assist - Chair Lift And So  ...,$169.90,3.9/5.0,https://www.walmart.com/ip/Uplift-Premium-Power-Seat-Assist-Chair-Lift-And-Sofa-Stand-Assist-17/21453288,blank
33,Drive Medical Side Style Hemi One Arm Walker,$38.07,4.7/5.0,https://www.walmart.com/ip/Drive-Medical-Side-Style-Hemi-One-Arm-Walker/15423449,blank
34,Costway 10' ft Aluminum Folding Wheelchair Scooter M  ...,$239.99,5.0/5.0,https://www.walmart.com/ip/Costway-10-ft-Aluminum-Folding-Wheelchair-Scooter-Mobility-Ramp-Portable-Non-Slip/172437211,blank
35,Mattress Wedge,$18.71 - $37.42,5.0/5.0,https://www.walmart.com/ip/Mattress-Wedge/48842221,blank
36,Silver Spring Portable Mobility Wheelchair and Utili  ...,$79.99 - $224.99,5.0/5.0,https://www.walmart.com/ip/Silver-Spring-Portable-Mobility-Wheelchair-and-Utility-Walk-Ramp/29389696,blank
37,"Drive Medical Seat Lift Chair Overbed Table, Left Si  ...",$158.65,4.6/5.0,https://www.walmart.com/ip/Drive-Medical-Seat-Lift-Chair-Overbed-Table-Left-Side-Table/23438442,blank
38,"Carex Upeasy Seat Assist Lifting Seat, Plus Size",$95.51,3.8/5.0,https://www.walmart.com/ip/Carex-Upeasy-Seat-Assist-Lifting-Seat-Plus-Size/25490688,blank
39,Premium Memory Foam Seat Cushion Pain Relief for Coc  ...,$18.99,5.0/5.0,https://www.walmart.com/ip/Premium-Memory-Foam-Seat-Cushion-Pain-Relief-Coccyx-Tailbone-Hemorrhoids-Sciatica-Sacrum-Perfect-Fit-Wheelchair-Cushion-Pad-Pillow-Handle-Orange/784827415,blank
40,"Drive Medical Gel ""E"" Skin Protection Wheelchair Sea  ...",$26.26 - $38.68,4.3/5.0,https://www.walmart.com/ip/Drive-Medical-Gel-E-Skin-Protection-Wheelchair-Seat-Cushion/17284743,blank
