#,Walking Canes,Price,Rating,Link,Top Review
1,Carex Black Adjustable Offset Walking Cane,$11.45,4.5/5.0,https://www.walmart.com/ip/Carex-Black-Adjustable-Offset-Walking-Cane/9894417,blank
2,"Medline Bariatric Quad Cane, 500lbs Capacity",$20.14,4.8/5.0,https://www.walmart.com/ip/Medline-Bariatric-Quad-Cane-500lbs-Capacity/7983644,blank
3,Crome Large Base Adjustable Quad Cane Foam Handgrip   ...,$13.75,4.7/5.0,https://www.walmart.com/ip/Crome-Large-Base-Adjustable-Quad-Cane-Foam-Handgrip-1-CS/12518935?wpa_bd=&wpa_pg_seller_id=DABA61A51AA444798605B2E5391AF8EA&wpa_ref_id=9ec4d0a0362c6626dbb80503822a9cc0&wpa_aux_info=__aux_info__&wpa_tag=&wpa_pos=3&wpa_plmt=__plmt__&wpa_aduid=__aduid__,blank
4,Lightweight Tripod Cane Tip Self standing Non-slip r  ...,$5.99,0.0/5.0,https://www.walmart.com/ip/Lightweight-Tripod-Cane-Tip-Self-standing-Non-slip-replacement-Walking-Stick-Quadruple-for-Cane/472368888,blank
5,"Hugo QuadPod Offset Cane with Ultra Stable Cane Tip,  ...",$26.95,4.6/5.0,https://www.walmart.com/ip/Hugo-QuadPod-Offset-Cane-with-Ultra-Stable-Cane-Tip-Aquamarine/17753865,blank
6,"Equate Quad Cane Small Base, Black",$15.74,5.0/5.0,https://www.walmart.com/ip/Equate-Quad-Cane-Small-Base-Black/14179116,blank
7,Hickory Walking Stick,$16.94,0.0/5.0,https://www.walmart.com/ip/Hickory-Walking-Stick/36363722,blank
8,LivingPro All Terrain LED Folding Walking Cane- 6 Ul  ...,$20.95,5.0/5.0,https://www.walmart.com/ip/LivingPro-All-Terrain-LED-Folding-Walking-Cane-6-Ultra-Bright-Built-In-LEDs-Folds-in-Seconds-5-Adjustable-Height-Levels/689463532,blank
9,"Equate Comfort Grip Cane, Black",$13.74,3.5/5.0,https://www.walmart.com/ip/Equate-Comfort-Grip-Cane-Black/14179114,blank
10,Hugo Adjustable Quad Cane for Right or Left Hand Use  ...,$26.95,5.0/5.0,https://www.walmart.com/ip/Hugo-Adjustable-Quad-Cane-for-Right-or-Left-Hand-Use-Rose-Large-Base/15120048,blank
11,"Equate Folding Cane, Black",$18.74,5.0/5.0,https://www.walmart.com/ip/Equate-Folding-Cane-Black/14179136,blank
12,Carex Derby Designer U.S. Flag Walking Cane,$15.99,4.8/5.0,https://www.walmart.com/ip/Carex-Derby-Designer-U-S-Flag-Walking-Cane/17215623,blank
13,HurryCane HurryCane Freedom Edition Folding Cane wit  ...,$32.50 - $39.95,4.1/5.0,https://www.walmart.com/ip/HurryCane-HurryCane-Freedom-Edition-Folding-Cane-with-T-Handle/54055466,blank
14,4 Feet Stand-Up Cane - Hurry Before They Are Gone -   ...,$29.77,5.0/5.0,https://www.walmart.com/ip/4-Feet-Stand-Up-Cane-Hurry-Before-They-Are-Gone-Adjustable-Foldable-With-LED-Light/534871024,blank
15,"PCP Wood Cane With Round Handle, Mahogany, Large Gri  ...",$11.99 - $22.99,0.0/5.0,https://www.walmart.com/ip/PCP-Wood-Cane-With-Round-Handle-Mahogany-Large-Grip/908507350,blank
16,Canes and Walking Sticks for Men and Women Travel Ad  ...,$19.97,5.0/5.0,https://www.walmart.com/ip/Canes-and-Walking-Sticks-for-Men-and-Women-Travel-Adjustable-Folding-Walking-Cane-best-Mobility-Aids-For-Seniors-Disabled-and-Elderly/440311220,blank
17,"Equate Self Standing Cane Tip, 7/8"" to 3/4""",$8.74,0.0/5.0,https://www.walmart.com/ip/Equate-Self-Standing-Cane-Tip-7-8-to-3-4/14179112,blank
18,Folding Multi-Angle Cane,$24.99,5.0/5.0,https://www.walmart.com/ip/Folding-Multi-Angle-Cane/197963769,blank
19,Topeakmart Walking Stick Aluminium Folding Adjustabl  ...,$8.39,4.7/5.0,https://www.walmart.com/ip/Topeakmart-Walking-Stick-Aluminium-Folding-Adjustable-Light-Weight-Support-Aid-Cane-Red/529029360,blank
20,"Carex Health Brands Carex  Quad Cane Tips, 1 ea",$6.20,0.0/5.0,https://www.walmart.com/ip/Carex-Health-Brands-Carex-Quad-Cane-Tips-1-ea/28933845,blank
21,Super Big Foot Cane Tip in Black,$11.00 - $11.06,5.0/5.0,https://www.walmart.com/ip/Super-Big-Foot-Cane-Tip-in-Black/54423195,blank
22,Hand Carved Design Wood Walking Hiking Hike Stick Ca  ...,$19.29,0.0/5.0,https://www.walmart.com/ip/Hand-Carved-Design-Wood-Walking-Hiking-Hike-Stick-Cane-Staff-55-Length-55-By-USA/886849322,blank
23,"Carex Small Base Designer Quad Cane, Blue Satin",$19.35,4.5/5.0,https://www.walmart.com/ip/Carex-Small-Base-Designer-Quad-Cane-Blue-Satin/10716134,blank
24,"Carex Round Handle Walking Cane, Silver Mens",$17.04,5.0/5.0,https://www.walmart.com/ip/Carex-Round-Handle-Walking-Cane-Silver-Mens/33455783,blank
25,"Carex Designer Soft Grip Derby Walking Cane, Blue",$15.03,4.5/5.0,https://www.walmart.com/ip/Carex-Designer-Soft-Grip-Derby-Walking-Cane-Blue/13447045,blank
26,"Hugo QuadPod Offset Cane with Ultra Stable Cane Tip,  ...",$26.95,4.2/5.0,https://www.walmart.com/ip/Hugo-QuadPod-Offset-Cane-with-Ultra-Stable-Cane-Tip-Ebony/17753854,blank
27,"PCP Adjustable Folding Cane with Derby Handle, Black  ...",$17.99 - $19.99,0.0/5.0,https://www.walmart.com/ip/PCP-Adjustable-Folding-Cane-with-Derby-Handle-Black/842438247,blank
28,"PCP Replacement Walker Tips (Pair), Grey, 1.25 Inch   ...",$4.99,0.0/5.0,https://www.walmart.com/ip/PCP-Replacement-Walker-Tips-Pair-Grey-1-25-Inch-Diameter/188574096,blank
29,"Carex Ergo Offset Handle Walking Cane, Purple",$15.68,5.0/5.0,https://www.walmart.com/ip/Carex-Ergo-Offset-Handle-Walking-Cane-Purple/30414383,blank
30,Drive Medical Folding Lightweight Cane with Sling St  ...,$21.29,4.2/5.0,https://www.walmart.com/ip/Drive-Medical-Folding-Lightweight-Cane-with-Sling-Style-Seat/17351525,blank
31,DuraCare Premium Adjustable Folding Black Cane - Adj  ...,$9.57,3.0/5.0,https://www.walmart.com/ip/DuraCare-Premium-Adjustable-Folding-Black-Cane-Adjusts-from-33-37-inches/165899993,blank
32,Folding Collapsible Travel Hiking Walking Stick with  ...,$18.20 - $19.01,5.0/5.0,https://www.walmart.com/ip/Folding-Collapsible-Travel-Hiking-Walking-Stick-with-LED-Light-Cushion-Handle-Adjustable-Folding-Cane-for-Men-and-Women/904429195,blank
33,Coutureâ„¢ Offset Fashion Cane with Matching Standing   ...,$29.13 - $29.90,0.0/5.0,https://www.walmart.com/ip/Couture-Offset-Fashion-Cane-with-Matching-Standing-Super-Big-Foot-Tip-in-Swirl-Style/786297104,blank
34,Carex Cane Tips 3/4 Inch 2 Count Each,$5.96,0.0/5.0,https://www.walmart.com/ip/Carex-Cane-Tips-3-4-Inch-2-Count-Each/707049542,blank
35,"PCP Folding Cane, Fritz Handle Grip, Lightweight Adj  ...",$18.99 - $19.99,0.0/5.0,https://www.walmart.com/ip/PCP-Folding-Cane-Fritz-Handle-Grip-Lightweight-Adjustable-Aluminum-Shaft-Compass-Rose-Pattern/911082051,blank
36,Height Adjustable Designer Offset Handle Cane with F  ...,$18.62 - $20.58,0.0/5.0,https://www.walmart.com/ip/Height-Adjustable-Designer-Offset-Handle-Cane-with-Fashion-Pattern-and-Foam-Grip/35317709,blank
37,Carex Walker & Bath Bench Tips,$7.85,5.0/5.0,https://www.walmart.com/ip/Carex-Walker-Bath-Bench-Tips/28933904,blank
38,"Offset Cane with Rib Handle, Ocean",$14.72 - $19.90,0.0/5.0,https://www.walmart.com/ip/Offset-Cane-with-Rib-Handle-Ocean/43502580,blank
39,"Carex Offset Handle Walking Cane, Rose",$17.90,5.0/5.0,https://www.walmart.com/ip/Carex-Offset-Handle-Walking-Cane-Rose/30414381,blank
40,Hugo Adjustable Quad Cane for Right or Left Hand Use  ...,$24.95,4.8/5.0,https://www.walmart.com/ip/Hugo-Adjustable-Quad-Cane-for-Right-or-Left-Hand-Use-Black-Small-Base/15120044,blank
