#,Walkers & Rollators,Price,Rating,Link,Top Review
1,"Medline Steel Foldable Rollator Walker with 6"" Wheel  ...",$53.94,4.1/5.0,https://www.walmart.com/ip/Medline-Steel-Foldable-Rollator-Walker-with-6-Wheels-Green/40825479,blank
2,Drive Medical Deluxe Two Button Folding Walker with   ...,$28.39,4.7/5.0,https://www.walmart.com/ip/Drive-Medical-Deluxe-Two-Button-Folding-Walker-with-5-Wheels/40877930,blank
3,Drive Medical Four Wheel Rollator Rolling Walker wit  ...,$56.84 - $61.49,4.7/5.0,https://www.walmart.com/ip/Drive-Medical-Four-Wheel-Rollator-Rolling-Walker-with-Fold-Up-Removable-Back-Support/28647754,blank
4,Carex Steel Rollator Walker with Seat and Backrest,$46.49,3.8/5.0,https://www.walmart.com/ip/Carex-Steel-Rollator-Walker-with-Seat-and-Backrest/48676819,blank
5,"Equate Rolling Walker, Black",$89.00,4.6/5.0,https://www.walmart.com/ip/Equate-Rolling-Walker-Black/14179110,blank
6,Drive Medical Adjustable Height Rollator Rolling Wal  ...,$76.99 - $77.08,4.5/5.0,https://www.walmart.com/ip/Drive-Medical-Adjustable-Height-Rollator-Rolling-Walker-with-6-Wheels/17284823,blank
7,"Medline Steel Rollator Walker, Burgundy, 350 lbs Cap  ...",$54.99,4.5/5.0,https://www.walmart.com/ip/Medline-Steel-Rollator-Walker-Burgundy-350-lbs-Capacity/37617768,blank
8,"Medline Steel Foldable Rollator Walker with 8"" Wheel  ...",$73.35,5.0/5.0,https://www.walmart.com/ip/Medline-Steel-Foldable-Rollator-Walker-with-8-Wheels-Red/40824169,blank
9,"Medline Empower Rollator, Blue",$129.00,4.6/5.0,https://www.walmart.com/ip/Medline-Empower-Rollator-Blue/45582397,blank
10,"Medline Ultra Lightweight Rollator, Burgundy",$99.00,4.3/5.0,https://www.walmart.com/ip/Medline-Ultra-Lightweight-Rollator-Burgundy/7983648,blank
11,Medline Extra Wide Heavy Duty Rollator Walker,$109.99,4.7/5.0,https://www.walmart.com/ip/Medline-Extra-Wide-Heavy-Duty-Rollator-Walker/44608046,blank
12,"Equate Folding Walker with Wheels, Black",$49.67,4.8/5.0,https://www.walmart.com/ip/Equate-Folding-Walker-with-Wheels-Black/14179124,blank
13,"Drive Medical Steel Rollator Rolling Walker with 8""   ...",$99.95,4.5/5.0,https://www.walmart.com/ip/Drive-Medical-Steel-Rollator-Rolling-Walker-with-8-Wheels/55151829,blank
14,"Medline Steel Foldable Rollator Walker with 8"" Wheel  ...",$60.54,3.5/5.0,https://www.walmart.com/ip/Medline-Steel-Foldable-Rollator-Walker-with-8-Wheels-Blue/40874795,blank
15,Equate Steerable Knee Walker Scooter,$115.00,4.6/5.0,https://www.walmart.com/ip/Equate-Steerable-Knee-Walker-Scooter/128305573,blank
16,Drive Medical Two Wheeled Walker with Seat,$38.40 - $39.55,3.9/5.0,https://www.walmart.com/ip/Drive-Medical-Two-Wheeled-Walker-with-Seat/43224556,blank
17,Dual Release Folding Walker Universal driveâ„¢ Aluminu  ...,$30.60,4.2/5.0,https://www.walmart.com/ip/Dual-Release-Folding-Walker-Universal-drive-Aluminum-Frame-300-lbs-Weight-Capacity-28-3-4-to-38-1-2-Inch-Height/15423433,blank
18,Carex Step 'N Rest Rolling Rollator Walker with Padd  ...,$86.10,4.6/5.0,https://www.walmart.com/ip/Carex-Step-N-Rest-Rolling-Rollator-Walker-with-Padded-Seat-and-Backrest/14668627,blank
19,Walker Dual Button Release 300 Lb Adult  1/CS,$31.92,4.3/5.0,https://www.walmart.com/ip/Walker-Dual-Button-Release-300-Lb-Adult-1-CS/12518961,blank
20,Drive Medical Trigger Release Folding Walker,$37.08,4.7/5.0,https://www.walmart.com/ip/Drive-Medical-Trigger-Release-Folding-Walker/10740649,blank
21,"Drive Medical Rollator Rolling Walker with 6"" Wheels",$60.28 - $68.49,5.0/5.0,https://www.walmart.com/ip/Drive-Medical-Rollator-Rolling-Walker-with-6-Wheels/40878879,blank
22,"Medline Combination Rollator/Transport Wheelchair, B  ...",$179.69,4.4/5.0,https://www.walmart.com/ip/Medline-Combination-Rollator-Transport-Wheelchair-Blue/13248453,blank
23,"Karman R-4700 Heavy Duty Bariatric Rollator with 8""   ...",$107.69,5.0/5.0,https://www.walmart.com/ip/Karman-R-4700-Heavy-Duty-Bariatric-Rollator-with-8-Wheels-Padded-Seat-and-Backrest-Wire-Basket-Loop-Brakes-Blue/30296547,blank
24,Drive Medical Breast Cancer Awareness Adjustable Hei  ...,$76.90,4.9/5.0,https://www.walmart.com/ip/Drive-Medical-Breast-Cancer-Awareness-Adjustable-Height-Rollator-Rolling-Walker-Pink/32807356,blank
25,Drive Medical Winnie Lite Supreme 3 Wheel Rollator W  ...,$72.99,4.4/5.0,https://www.walmart.com/ip/Drive-Medical-Winnie-Lite-Supreme-3-Wheel-Rollator-Walker/15423369,blank
26,Basic Steel Rollators - MDS86850ES,$54.99,4.4/5.0,https://www.walmart.com/ip/Basic-Steel-Rollators-MDS86850ES/40884694,blank
27,Medline Deluxe Aluminum Foldable Rollator Walker wit  ...,$102.51,5.0/5.0,https://www.walmart.com/ip/Medline-Deluxe-Aluminum-Foldable-Rollator-Walker-with-8-Wheels-Blue/54736332,blank
28,"HealthSmart Gateway Aluminum Rollator, Titanium, 31""  ...",$82.98,4.5/5.0,https://www.walmart.com/ip/HealthSmart-Gateway-Aluminum-Rollator-Titanium-31-36-H-300-lb-Capacity/21382710,blank
29,Medline Deluxe Aluminum Foldable Rollator Walker wit  ...,$102.51,5.0/5.0,https://www.walmart.com/ip/Medline-Deluxe-Aluminum-Foldable-Rollator-Walker-with-8-Wheels-Rose/54736330,blank
30,Drive Medical Clever Lite LS Rollator Walker with Se  ...,$77.58,3.7/5.0,https://www.walmart.com/ip/Drive-Medical-Clever-Lite-LS-Rollator-Walker-with-Seat-and-Push-Down-Brakes/15423373,blank
31,Drive Medical Nitro Euro Style Rollator Rolling Walk  ...,$199.89 - $273.31,4.6/5.0,https://www.walmart.com/ip/Drive-Medical-Nitro-Euro-Style-Rollator-Rolling-Walker/22356890,blank
32,"Hugo Portable Rollator Rolling Walker with Seat, Bac  ...",$102.57,4.6/5.0,https://www.walmart.com/ip/Hugo-Portable-Rollator-Rolling-Walker-with-Seat-Backrest-and-8-Wheels-Blue/17772614,blank
33,Drive Medical Aluminum Rollator Rolling Walker with   ...,$71.39,4.7/5.0,https://www.walmart.com/ip/Drive-Medical-Aluminum-Rollator-Rolling-Walker-with-Fold-Up-and-Removable-Back-Support-and-Padded-Seat/15423380,blank
34,Drive Medical 3 Wheel Rollator Rolling Walker with B  ...,$77.43 - $85.49,4.3/5.0,https://www.walmart.com/ip/Drive-Medical-3-Wheel-Rollator-Rolling-Walker-with-Basket-Tray-and-Pouch/17284830,blank
35,Drive Medical Duet Dual Function Transport Wheelchai  ...,$143.19 - $170.39,4.4/5.0,https://www.walmart.com/ip/Drive-Medical-Duet-Dual-Function-Transport-Wheelchair-Rollator-Rolling-Walker/15423364,blank
36,Carex Trio 3 Wheel Rolling Walker Rollator,$70.25,4.0/5.0,https://www.walmart.com/ip/Carex-Trio-3-Wheel-Rolling-Walker-Rollator/17215626,blank
37,"Medline Steel Foldable Rollator Walker with 6"" Wheel  ...",$62.47,4.3/5.0,https://www.walmart.com/ip/Medline-Steel-Foldable-Rollator-Walker-with-6-Wheels-Blue/40824304,blank
38,"Medline Empower Multipurpose Deluxe Rollator Walker,  ...",$144.67,4.5/5.0,https://www.walmart.com/ip/Medline-Empower-Multipurpose-Deluxe-Rollator-Walker-Black/45582396,blank
39,Medline Platform Walker Attachment,$32.33,4.3/5.0,https://www.walmart.com/ip/Medline-Platform-Walker-Attachment/7983663,blank
40,Drive Medical Nitro DLX Euro Style Rollator Rolling   ...,$224.29 - $284.07,4.4/5.0,https://www.walmart.com/ip/Drive-Medical-Nitro-DLX-Euro-Style-Rollator-Rolling-Walker/45080322,blank
