Equate Universal Crutches,$34.67,4.8/5.0,https://www.walmart.com/ip/Equate-Universal-Crutches/211742048,"<p>Leg injuries and fractures can be tough, but with Equate Universal Crutches, you can move around with ease and comfort. This set contains a pair of crutches with thick underarm pads for added comfort. Its height can be adjusted between 4'7&quot; to 6'7&quot;, and is meant for youth and adults up to a weight of 300 lbs. The rubber tips ensure traction and prevents slippage. The crutches can be easily assembled without tools, and disassembled for storage. Experience a comfortable way to walk around during your injuries with Equate Universal Crutches.</p> <p>Making the right health decisions can be challenging. With a complete range of products and simple solutions, Equate allows you to take care of your family with confidence.</p> <br /> <p><b>Instructions:</b></p> <ul>  <li>Step 1: Find your correct height range marked at the upper part of the crutch. Default position is 4'7&quot; to 5'2&quot;. There is no need to adjust this portion if this is your range.</li>  <li>Step 2: To change the height range, loosen wing nut on hand grip and remove the handgrip bolt. With bolt removed, use push buttons to slide and lock the top of crutch into correct height range.</li>  <li>Step 3: Now find your exact height measurement on the bottom part of crutch and use lower push buttons to slide and lock into place.</li>  <li>Step 4: Reinstall the handgrip so that the user has a slight bend at elbow (about 10 degrees). Tighten handgrip wing nut securely. Check push button locks and wing nuts regularly.</li> </ul> <br /> <p><b>Before Use Make Sure:</b></p> <ul>  <li>You are correctly fitted</li>  <li>Make sure all push buttons are fully engaged</li>  <li>Tips are in good condition (replace tips immediately when worn)</li>  <li>Hand grips are attached securely and do not slip</li>  <li>Nothing is loose or uneven and there are no rattles or cracks in the metal, plastic, etc. or any other irregularities</li>  <li>Do not exceed the maximum weight capacity on the crutches</li>  <li>Use only as instructed by your healthcare provider</li> </ul> <br />"
"Medical Knee Scooter for Broken Foot by HEALTHLINE,   ...",$131.08,5.0/5.0,https://www.walmart.com/ip/Medical-Knee-Scooter-Broken-Foot-HEALTHLINE-Knee-Walker-Scooter-Handle-Brake-Basket-Crutch-Alternative-Steerable-Terrain-Knee-Scooter-Blue/271282738,"The blue Healthline Trading Steerable Knee Walker Scooter is a comfortable way to stay mobile after a foot or ankle surgery or injury. It's a streamlined alternative to crutches. This rolling knee walker scooter helps those recovering from breaks, sprains, surgery, amputation or ulcers on the foot. The cushioned knee platform of this innovative walker can be easily adjusted without tools to meet your needs. The aluminum frame of this seated scooter knee walker is sturdy yet lightweight and can be used indoors or outdoors. Each hand grip has a brake, giving you a sure stop when needed. It easily folds without tools, making it easy to transport or store. The attached basket lets you carry papers at work or items at home, keeping your hands on the handles. The handle brakes are easily locked with a touch of a button and unlocked with a slight touch of the handle. The doctor recommended Healthline Trading Steerable Knee Walker Scooter is a good choice."
Roscoe Medical Knee Walker Scooter with Basket and P  ...,$143.00 - $179.00,4.1/5.0,https://www.walmart.com/ip/Roscoe-Medical-Knee-Walker-Scooter-with-Basket-and-Padded-Seat-Black/30329307,Retain your independence while recovering with this Black Roscoe Medical Knee Walker/Scooter. It's ideal for patients who are undergoing physical therapy and are working towards getting back on their feet. This walker with wheels provides comfort and ease of mobility. It has a padded knee platform and adjustable hand brakes with grips for comfort and full control. It also includes large 8&quot; clear PU wheels with sealed bearings. This Black Roscoe Medical Knee Walker/Scooter is suitable for indoor and outdoor use. It has an easy folding mechanism that collapses using a thumb release lever and it fits underneath the raised knee platform for convenient storing and transporting. This walker with wheels can support of to 350 lbs. It also has an offset post located on the knee platform that enables you to make right-to-left adjustment without the need for tools.
Clevr Foldable Medical Steerable Knee Walker Scooter  ...,$129.99,4.0/5.0,https://www.walmart.com/ip/Clevr-Foldable-Medical-Steerable-Knee-Walker-Scooter-Roller-Crutch-Alternative-Upgraded-Pink/688992835,"<p>Introducing the brand new upgraded version of the Clevr foldable knee walker. With the upgraded unique double foldable design - Foldable handlebar and foldable frame, makes it 50% smaller when folded(compare to our previous model), convenient for storage when it is not in use. The upgraded contoured and soft padding allows your leg to fit comfortably and securely. The wheels are also upgraded with grooves for more traction and safety</p> <p> A knee walker can be a welcome alternative to crutches for people who are recovering from foot, ankle, or lower-leg injuries and surgeries. Our mobility aids are designed to enhance independence, while allowing injuries to heal. It is equipped with two locking handbrakes, which can control the rear brakes to stop the walker easily. The wide range adjustable height of the seat and handlebar provides superior comfort and fit. The detachable basket allows you to scoot around your items without adding any additional strain on you.</p> <h3>Features</h3> <ul>  <li>Perfect for recovery of injury/surgery</li>  <li>Foldable handlebar and foldable frame for easy transport and storage</li>  <li>Adjustable seat and handlebar for a superior fit</li>  <li>Sturdy steel frame provides stability and durability</li>  <li>Deluxe two hand braking system for added safety</li>  <li>Contoured soft padded seat</li>  <li>Detachable storage basket</li> </ul> <h3>Specifications</h3> <ul>  <li>Color: Pink</li>  <li>Max Overall Dimensions: 31.5&quot; x 17&quot; x 41.8&quot; H</li>  <li>Folded Dimensions: approximate 24&quot; x 21&quot; x 18&quot;</li>  <li>Adjustable Handlebar Height: 32.5&quot;- 41.8&quot;</li>  <li>Adjustable Seat Height: 17.7&quot; - 23.5&quot;</li>  <li>Recommended user height: 5'2&quot; - 5'10&quot;</li>  <li>Weight: 23.3 Lbs</li>  <li>Wheels: Large Size PU Wheels</li>  <li>Weight Capacity: 300 lbs</li>  <li>Easy Assembly</li> </ul> <p><em>Most of our items have a picture and/or description of the contents on the box. Please email us if you would like for us to cover it.</em></p>"
Costway Steerable Foldable Knee Walker Scooter Turni  ...,$129.99,2.8/5.0,https://www.walmart.com/ip/Costway-Steerable-Foldable-Knee-Walker-Scooter-Turning-Brake-Basket-Drive-Cart-Black/418983145,"Improve your mobility with the Costway Steerable Foldable Knee Walker Scooter with Turning Brake Basket Drive Cart. It features a contoured channel that allows your leg to fit securely. It also comes with a durable basket that you can use to carry different items. Suitable for use by anyone with a foot, ankle, hip, lower leg or knee injuries, this black knee scooter features an adjustable seat and handlebar. It boasts a sturdy steel frame that can hold a maximum weight of up to 350 lb so it is suitable for use by most people. Easy to assemble, this Costway Steerable Foldable Knee Walker Scooter has a deluxe two-hand braking system for added safety."
Economy Knee Scooter Steerable Knee Walker Medical L  ...,$119.99,4.0/5.0,https://www.walmart.com/ip/Economy-Knee-Scooter-Steerable-Knee-Walker-Medical-Leg-Scooter-Crutch-Alternative-in-Matte-Black/121753842,"The Economy Knee Scooter Crutch Alternative in Matte Black provides a more reliable and comfortable alternative to crutches for patients needing an effective mobility solution at an affordable price. It one of the best knee walker values in the industry. The medical leg scooter is ideal for individuals recovering from a broken foot, broken ankle, broken leg, foot surgery, ankle surgery, leg amputation, other lower leg injuries or medical conditions like ulcers. It features a sturdy dual bar frame, an adjustable locking handbrake and rear on-wheel brake deliver that provides excellent stability and control. Ideal for indoor and outdoor use, the steerable knee scooter walker features four smooth 7.5&quot; diameter rubber wheels.  <br />"
Clevr Foldable Medical Steerable Knee Walker Scooter  ...,$129.99,0.0/5.0,https://www.walmart.com/ip/Clevr-Foldable-Medical-Steerable-Knee-Walker-Scooter-Roller-Crutch-Alternative-Upgraded-Black/630192268,"<p>Introducing the brand new upgraded version of the Clevr foldable knee walker. With the upgraded unique double foldable design - Foldable handlebar and foldable frame, makes it 50% smaller when folded(compare to our previous model), convenient for storage when it is not in use. The upgraded contoured and soft padding allows your leg to fit comfortably and securely. The wheels are also upgraded with grooves for more traction and safety</p> <p> A knee walker can be a welcome alternative to crutches for people who are recovering from foot, ankle, or lower-leg injuries and surgeries. Our mobility aids are designed to enhance independence, while allowing injuries to heal. It is equipped with two locking handbrakes, which can control the rear brakes to stop the walker easily. The wide range adjustable height of the seat and handlebar provides superior comfort and fit. The detachable basket allows you to scoot around your items without adding any additional strain on you.</p> <h3>Features</h3> <ul>  <li>Perfect for recovery of injury/surgery</li>  <li>Foldable handlebar and foldable frame for easy transport and storage</li>  <li>Adjustable seat and handlebar for a superior fit</li>  <li>Sturdy steel frame provides stability and durability</li>  <li>Deluxe two hand braking system for added safety</li>  <li>Contoured soft padded seat</li>  <li>Detachable storage basket</li> </ul> <h3>Specifications</h3> <ul>  <li>Color: Black</li>  <li>Max Overall Dimensions: 31.5&quot; x 17&quot; x 41.8&quot; H</li>  <li>Folded Dimensions: approximate 24&quot; x 21&quot; x 18&quot;</li>  <li>Adjustable Handlebar Height: 32.5&quot;- 41.8&quot;</li>  <li>Adjustable Seat Height: 17.7&quot; - 23.5&quot;</li>  <li>Recommended user height: 5'2&quot; - 5'10&quot;</li>  <li>Weight: 23.3 Lbs</li>  <li>Wheels: Large Size PU Wheels</li>  <li>Weight Capacity: 300 lbs</li>  <li>Easy Assembly</li> </ul> <p><em>Most of our items have a picture and/or description of the contents on the box. Please email us if you would like for us to cover it.</em></p>"
KneeRover Deluxe Steerable Knee Walker Knee Cycle Sc  ...,$179.00,5.0/5.0,https://www.walmart.com/ip/KneeRover-Deluxe-Steerable-Knee-Walker-Knee-Cycle-Scooter-Leg-Walker-Crutch-Alternative-with-Basket-in-Blue/105402037,"Remain mobile while you're injured with this KneeRover Deluxe Steerable Knee Walker. This unit is one of the most advanced knee walkers in the industry and an ideal alternative to crutches. The KneeCycle knee walker provides maximum stability and control when maneuvering. The fully adjustable handlebars and knee platform allow you to customize it for your needs. It has an impressive 300-lb weight capacity, and is recommended for individuals with heights of 5'-6'5&quot;. The KneeRover knee walker also comes equipped with a detachable basket in blue."
KneeRover All Terrain Steerable Knee Walker Knee Sco  ...,$299.00,4.7/5.0,https://www.walmart.com/ip/KneeRover-All-Terrain-Steerable-Knee-Walker-Knee-Scooter-Heavy-Duty-Crutch-Alternative-with-Basket-in-Blue/194423238,"Stay active and mobile even while recovering from an injury or surgery of the foot, ankle or lower leg with KneeRover All-Terrain Steerable Knee Walker Knee Scooter. It's an excellent heavy-duty crutch alternative with a detachable storage basket.This indoor - outdoor all-terrain knee scooter features 12&quot; diameter off-road pneumatic tires designed to easily traverse grass, sidewalks, gravel and dirt with incredible ease and agility. It features tool-free assembly, setup and height adjustments. It's compatible with both the right and left legs and offers a 3&quot; thick contoured knee platform and ergonomic rubber hand grips for complete comfort. Available in blue, it offers a 400 lb weight capacity and is recommended for individuals with heights 5' - 6'5&quot;."
Knee Walker Cushion Covers 2 Pack For Knee Scooter F  ...,$23.90,5.0/5.0,https://www.walmart.com/ip/Knee-Walker-Cushion-Covers-2-Pack-Knee-Scooter-Injured-Leg-Universal-Knee-Scooter-Pad-Cover-Faux-Sheepette-Knee-Walker-Seat-Pads-Covers-Rolling-Scoot/920107053,"BEST DEAL MULTICOLOR 2 PACK W/EXTRAS Supplied with an extra layer of soft cushioning with 2 extra foam inserts that are simple to add or remove depending on your comfort level. Black or White You will have the choice of using either color that best suits your taste, and if one becomes worn out you always have a spare one available. Excellent stability and control with an adjustable elastic band and security straps SPEED UP YOUR RECOVERY Durable design with thick soft sheepette fabric and durable elastic providing relief from bumps, friction and the irritation that can be caused from the knee walker itself. Adds even more comfort, reduces pressure from your weight, smooths friction from movement, and prevents irritation from everyday use. Much more comfortable and easy to use than any other ULTIMATE COMFORT &amp; RELIEF Treat yourself to additional comfort! We have designed our knee walker covers to be the best available by evenly distributing the pressure on the knee and lower leg for all day comfort while securing it to the seat pad with extra non slip adjustable straps and extra foam padding inserts greatly reduces pain and fatigue in the hip, knee and leg UNIVERSAL FIT NON-SLIP DESIGN Installs in seconds with strong elastic band sewn around the edges &amp; adjustable hook/loop attachments for a non-slip tight fit. It is a great way to help make your knee pad more of an anti-slip surface. Stretchable elastic securely fits over knee pad for superior comfort and better air circulation. Just slip the cover of the knee pad and adjust the straps for a snug fit? EASY CLEAN &amp; MACHINE WASHABLE Very easy to clean! the woolette cover is machine washable with like colors and fluff dry on low heat. Remove foam insert before washing. Simply remove cover from the knee walker and foam insert and put in your washing machine then fluff dry. Keeps the stock knee pad clean &amp; free from scratches and abrasions. Purchase with confidence with our unconditional lifetime guarantee"
KneeRover Universal Knee Walker Knee Rest Pad Cover   ...,$15.99,3.9/5.0,https://www.walmart.com/ip/KneeRover-Universal-Knee-Walker-Knee-Rest-Pad-Cover-Plush-Synthetic-Sheepette-Pad-for-Knee-Scooter/119180469,"<b> KNEEROVER UNIVERSAL KNEE WALKER SCOOTER KNEEPAD COVER</b>  <br />  <br /> DESIGNED TO FIT MOST KNEE WALKERS AND KNEE SCOOTERS (KneeRover, Drive Medical DV8, Roscoe Knee Scooter, and many other knee walker crutch alternatives) <br />  <br />EASY TO INSTALL: Stretchable elastic securely fits over knee pad for superior comfort and better air circulation <br />  <br />MAXIMUM COMFORT: Soft and cozy sheepette fleece cover provides extra cushion while distributing pressure evenly across knee pad platform <br />  <br />EASY CARE: Machine Washable cover is easy to clean - simply remove cover and put in washing machine and fluff dry <br />  <br />PROTECTION &amp; RELIEF: Helps reduce pressure, friction, and skin irritation; while reducing everyday wear and tear on the knee pad <br />  <br />"
Costway Steerable Foldable Knee Walker Scooter Turni  ...,$139.99,0.0/5.0,https://www.walmart.com/ip/Costway-Steerable-Foldable-Knee-Walker-Scooter-Turning-Brake-Basket-Drive-Cart-Aid/930803709,"This Is Our New Steerable Knee Walker, Which Is Perfect For Anybody Who Hurt Their Foot, Ankle, Hip, Lower Leg Or Knee. The Foldable Design Is Convenient For Storage When It Is Not In Use. The Contoured Channel Allows Your Leg To Fit Comfortably And Securely. Moreover, Its locking brake can be adjusted in 3 different locks. And you can adjust the Knee Pad to the left/right for a right/left foot injury. The Height Of The Knee Pad And Handlebar Can Be Adjusted To Fit People In Various Figures. With The Attached Basket, You Can Put Anything Small Coming With You Without Missing, Such As Your Wallet, Phone, Etc. Welcome! High Quality With Competitive Price Can Be Realized Here <br /> <br /> <br />Feature <br />Ideal For Individuals Recovering From Injury Or Surgery To The Foot, Ankle, Lower Legs Or Knee <br />Steering Column Can Be Easily Folded For Transport And Storage <br />Height Of The Knee Pad Can Be Adjusted in 5 Levels From 18'' To 24'' To Fit Your Figure <br />Height Of The Handle Can Be Adjusted in 9 Levels From 32 To 42 To Fit Your Figure <br />The Knee Pad is adjustable to the left/right for a right/left foot injury <br />Sturdy Steel Frame Provides Stability And Durability <br />Deluxe Two Hand Braking System in 3 Adjustable Brakes For Added Safety <br />Contoured Channel To Fit Your Legs With Comfort And Stability <br />8'' PU Wheels Are Ideal For Indoor/Outdoor Use <br />Detachable Storage Basket So You Can Carry Loose Items Such As Your Phone Or Wallet <br /> <br />Specification <br />Color:Black <br />Material:Steel(Frame &amp; Basket) + Foam(Knee Pad Stuffing) + PU(Knee Pad Cover &amp; Wheels) Folded Dimension:31'' X 16.5'' X 15.2(L X W X H) <br />Extended Overall Dimension:31'' X 16.5'' X 31''- 40.5''(L X W X Adjustable H) <br />Adjustable Height Of Handlebar:31''- 40.5'' <br />Adjustable Height Of Knee Pad:17.5'' C 23'' <br />"
"Underarm adjustable aluminum crutch, tall adult, 1pr",$20.62 - $61.61,0.0/5.0,https://www.walmart.com/ip/Underarm-adjustable-aluminum-crutch-tall-adult-1pr/25522063,These Underarm Adjustable Aluminum Crutches are lighter than wood and offer stability along with durability. They have a double extruded center tube that provides additional strength to the weight-bearing area. These underarm crutches have a push-pin adjustment that makes it easy to accommodate the height to fit your child's height in 1&quot; increments. They also come with non-skid jumbo-sized vinyl contoured tips for traction.
Drive Medical Adult Knee Walker Crutch Alternative,$159.99,2.9/5.0,https://www.walmart.com/ip/Drive-Medical-Adult-Knee-Walker-Crutch-Alternative/19615788,"Improve your mobility with the Drive Medical Knee Walker Crutch Alternative. It's designed for people dealing with common foot issues. The adult knee walker's lever lock can be adjusted for either right- or left-handed use. You can also convert it, tool-free, from left leg- to right leg-use. Deluxe lever brakes make it faster and easier to stop while the 8&quot; caster wheels provide a smooth ride over most surfaces. This Drive Medical walker is ideal for indoor or outdoor use. The legs and handles are adjustable to accommodate people of various heights. It makes a practical and fast alternative to using crutches. It's made mostly from steel for outstanding strength. At just 17 lbs, it's easy to carry when you go on trips."
"Drive Medical Lightweight Walking Forearm Crutches,   ...",$52.44 - $62.82,4.5/5.0,https://www.walmart.com/ip/Drive-Medical-Lightweight-Walking-Forearm-Crutches-1-Pair/10728135,The Lightweight Walking Forearm Crutches by Drive Medical are packed with features. The vinyl coated and ergonomically contoured arm cuffs are molded for comfort and stability. Both the leg and forearm sections adjust independently without tools to ensure optimal comfort and personal sizing. The extra-large tips provide added stability to the crutches.
KneeRover Small Adult Short All Terrain  Steerable K  ...,$229.00,4.2/5.0,https://www.walmart.com/ip/KneeRover-Small-Adult-Short-All-Terrain-Steerable-Knee-Walker-Knee-Scooter-Crutch-Alternative-with-Basket-in-Red/133891304,"The Knee Rover Small Adult Short All Terrain Steerable Knee Walker Knee Scooter Crutch in red is ideal for small adults and kids recovering from injury or surgery. It can be useful for those children ho have a broken foot, ankle, lower leg as well as below the knee amputees. The knee walker crutch is an excellent alternative to crutches and offers the most versatility among the walkers out there. It is suitable for indoor or outdoor use and is ideal for navigating your home, work and other terrain with ease, including grass, gravel, dirt and gaps in the sidewalk. This Knee Rover Scooter features 10&quot; pneumatic tires and a heavy-duty double bar construction that offers unprecedented strength and stability. It has a 250 lb weight capacity and is recommended for individuals with heights 4' to 5'9&quot; tall. <br />"
Free Spirit Knee and Leg Walker,$254.58,4.5/5.0,https://www.walmart.com/ip/Free-Spirit-Knee-and-Leg-Walker/35318272,"The Free Spirit Knee and Leg Walker provides a handy crutch alternative. It's engineered and designed to help you get around despite unwanted injuries. It features an over 30 percent turning radius that allows the user to use stable, tight turns to maneuver in small spaces. It's suitable for use at home, at work or out and about while shopping or visiting with friends. This Free Spirit walker features dual front hand brakes that give you control over the unit on all types of terrain and elevations, so you know you'll be able to stop when needed. It also includes the widest 1&quot; flat-free tires on the market, providing you with extra room for a comfortable ride. The tires can easily roll over most surfaces and are made to provide additional stability that you can trust. This folding walker can safely accommodate people up to 400 lbs."
Mobility Transfer Systems Knee Sling for Walker 1 Co  ...,"$31,415.92",0.0/5.0,https://www.walmart.com/ip/Mobility-Transfer-Systems-Knee-Sling-for-Walker-1-Count/52357033,Mobility Transfer Systems Knee Sling for Walker 1 Count
"Drive Medical All-Terrain Knee Walker Knee Scooter,   ...",$429.00,3.5/5.0,https://www.walmart.com/ip/Drive-Medical-All-Terrain-Knee-Walker-Knee-Scooter-Crutch-Alternative/145888378,"Rugged. Versatile. Convenient. Life can throw us a curveball when we least expect it, and like most active people, you aren't willing to let it slow you down. If you are recovering from a below-the-knee injury or surgery, the 990X Knee Walker is an excellent alternative to crutches and designed to keep you active and moving. With a rugged, steel frame and four large, knobby wheels with tires specifically designed to never go flat, the 990X is extremely stable for indoor or outdoor use and maneuvers easily over gravel, dirt, grass, mulch, and uneven pavement. Built for use with the right or left leg, this knee walker's unparalleled versatility and durability provides adjustable features to make your ride on any terrain comfortable and smooth. When life happens, it doesn't have to slow you down. Experience the 990X Knee Walker for yourself. It keeps you in the game and on the go. Life happens. Live on."
KNEEROVER GO KNEE WALKER - THE MOST COMPACT & PORTAB  ...,$179.00,0.0/5.0,https://www.walmart.com/ip/KNEEROVER-GO-KNEE-WALKER-THE-MOST-COMPACT-PORTABLE-KNEE-SCOOTER/460488341,"The KneeRover GO is designed for the person on the go that wont let an ankle, foot or leg injury slow them down. Whether you are a commuter, traveler, or just need a compact and portable mobility device to go about your busy life the KneeRover GO will give you the freedom you deserve during your recovery.FOLDS IN SECONDS FOR EASY TRANSPORT: Need to commute in a cab or bus? Traveling by plane? Have a small car? Want to store your knee walker under your desk? The KneeRover GO is the mobility solution and crutch alternative for you.LIGHTWEIGHT &amp; PORTABLE: The KneeRover GO weighs only 20.4 lbs, while the front axle and center frame are designed to fold the knee walker into the most compact size possible.Ideal for indoor and outdoor use, the steerable knee scooter walker features smooth 7.5&quot; diameter non-marking rubber wheels with shock-absorbing sealed windows.Ideal for indoor and outdoor use, the steerable KneeRover GO knee scooter kneeling walker features four 7.5&quot; non-marking rubber wheels, and a comfortable 3.5&quot; thick contoured knee platform that is left or right-leg compatible.Additionally, these knee walkers feature tool-free assembly and setup.Specifications:Color: Race Car Green and WhiteProduct Weight: 20.4 lbsWEIGHT CAPACITY: 300 lbsRECOMMENDED HEIGHT RANGE: 4' to 6'5&quot;Overall Length: 26.3&quot;Handlebar Height Range: 27.5&quot; to 36.5&quot;Overall Height w/ handlebar folded and seat removed: 15&quot;Knee Support Height Range: 15&quot; - 21.5&quot;Knee pad: 7&quot; width x 12.75&quot; lengthFront Axle Width: 15.5&quot;Rear Drum Brake"
"Medical Knee Scooter for Broken Foot by HEALTHLINE,   ...",$139.85,0.0/5.0,https://www.walmart.com/ip/Medical-Knee-Scooter-Broken-Foot-HEALTHLINE-Knee-Walker-Scooter-Handle-Brake-Basket-Crutch-Alternative-Steerable-Terrain-Knee-Scooter-Black/767617390,"The Steerable Knee Walker by Healthline Trading provides a comfortable pain-free alternative to crutches and is ideal for individuals who are recovering from foot surgery, breaks, sprains, amputations and ulcers of the foot. This innovative walker can be easily adjusted without tools to meet your needs, allowing for increased maneuverability. Equipped with large wheels and a durable frame design, the Knee Walker provides maximum control when used indoors or outdoors. This product comes standard with tool-free height-adjustable dual hand brakes, ensuring optimal safety and security when in use. The extra thick leg pad can be height-adjusted and provides increased stability, allowing for a pain-free comfortable experience. One of the greatest features of this knee walker is how easily the unit folds without tools, making travel, storage or just getting around easy."
NEW Small Petite Adult All Terrain KneeRover Jr - St  ...,$229.00,0.0/5.0,https://www.walmart.com/ip/NEW-Small-Petite-Adult-All-Terrain-KneeRover-Jr-Steerable-Knee-Walker-Knee-Scooter-Crutches-Alternative-in-Coastal-Teal/465303643,"NEW KNEEROVER Jr. ALL TERRAIN KNEE WALKER - NOW AVAILABLE IN COASTAL TEAL COLORThe ONLY All Terrain Knee Walker Designed for Kids and Small Adults - from the # 1 Knee Walker BrandThe revolutionary KneeRover Jr knee scooter is the most versatile and advanced kneewalker in the industry - establishing a new level of durability and freedom of mobility for individuals recovering from a broken foot, broken ankle, broken leg, foot surgery, ankle surgery or other lower leg injuries or medical conditions like ulcers.These indoor - outdoor All Terrain walkers feature 9&quot; diameter off-road pneumatic tires designed to easily traverse grass, sidewalks, gravel and dirt with incredible ease and agility (this is simply not possible with most knee scooters available today).Knee Rover Jr. now comes equiped with the KneeRover Stabilizer for users seeking increased stability while maneuvering their scooter.The Knee Rover Jr knee walker also includes a free detachable basket.Whether your are at home, at work, on the trail or on the town, experience more of life on your terms with the All Terrain KneeRover!Specifications:Color: Coastal Teal with Metallic FinishProduct Weight: 24 lbs (26 lbs with Stabilizer attached)WEIGHT CAPACITY: 250 lbsRECOMMENDED USER HEIGHT RANGE: 4'3&quot; to 5'9&quot;Overall Length: 29&quot;Handlebar Height Range: 32&quot; to 38&quot;Overall Height w/ handlebar folded and seat removed: 16&quot;Knee Support Height Range: 16&quot; - 19.5&quot;Knee pad: 7&quot; width x 12.5&quot; lengthFront Axle Width: 18.5&quot;Rear Clamp Brakes &amp; Locking Hand brakeWire Basket (9&quot; x 6.5&quot; x 7&quot;)"
Costway Steerable Foldable Knee Walker Scooter Turni  ...,$119.99,2.1/5.0,https://www.walmart.com/ip/Costway-Steerable-Foldable-Knee-Walker-Scooter-Turning-Brake-Basket-Drive-Cart-Black/115461900,"This is our new steerable knee walker, which is perfect for anybody who hurt their foot, ankle, hip, lower leg or knee. The foldable design is convenient for storage when it is not in use. The contoured channel allows your leg to fit comfortably and securely. Moreover, it is equipped with two locking handbrakes, which can control the rear disc brakes to stop the walker easily. The height of the seat and handlebar can be adjusted to fit people in various figures. With the attached basket, you can put anything small coming with you without missing, such as your wallet, phone, etc. Welcome! High quality with competitive price can be realized here <br /> <br /> <br />Feature <br />Brand new and high quality <br />Ideal for individuals recovering from injury or surgery to the foot, ankle, lower legs or knee <br />Steering column can be easily folded for transport and storage <br />Height of the seat and handle can be adjusted to fit your figure <br />Sturdy steel frame provides stability and durability <br />Deluxe two hand braking system for added safety <br />Contoured channel to fit your legs with comfort and stability <br />8'' PU wheels are ideal for indoor/outdoor use <br />Detachable storage basket so you can carry loose items such as your phone or wallet <br />Note: <br />1.Simple Assembly is required according to the included instruction <br />2.Please consider the weight capacity before using. <br />3.Dont forget your belongings in the basket. <br /> <br />Specification <br />Material:Steel(Frame &amp; Basket) + Foam(Knee Pad Stuffing) + PU(Knee Pad Cover &amp; Wheels) <br />Folded Dimension:31'' x 17'' x 15''(L x W x H);Extended Overall Dimension:31'' x 16.7'' x 30.7''- 40.6''(L x W x Adjustable H) <br />Adjustable Height of Handlebar:30.7''- 40.6'';Adjustable Height of Knee Pad:18.1'' - 24'' <br />Contoured Channel Size:14.2'' x 6.3'' x 2.6''(L x W x Thickness) <br />Wheel Diameter:8 Inch;Weight Capacity:330 lbs <br />Package Includes:1 x Knee Walker, 1 x Basket, 1 x Handlebar, 1 x Instruction <br />"
KneeRover PRO All Terrain Knee Walker - Steerable Al  ...,$399.00,5.0/5.0,https://www.walmart.com/ip/KneeRover-PRO-All-Terrain-Knee-Walker-Steerable-Aluminum-Knee-Scooter-with-Shock-Technology-Heavy-Duty-Crutches-Alternative-Silver/154465605,"ALL NEW KneeRover PRO - All Terrain Knee Walker <br /> <br />The ULTIMATE All Terrain Knee Walker from the # 1 Knee Walker Brand <br /> <br />Experience MAXIMUM FREEDOM and PERFORMANCE with the All Terrain KneeRover PRO knee scooter - establishing a new level of durability and freedom of mobility for individuals recovering from a broken foot, broken ankle, broken leg, foot surgery, ankle surgery or other lower leg injuries or medical conditions like ulcers. <br /> <br />Revolutionary, patent pending new design features integrated Shock Technology for maximum ride comfort on any terrain. <br /> <br />"
Ergobaum Ergonomic Forearm Crutches - Adult - Blue,$169.00,0.0/5.0,https://www.walmart.com/ip/Ergobaum-Ergonomic-Forearm-Crutches-Adult-Blue/135004252,"The Ergobaum Ergonomic Forearm Crutch in blue is ergonomically designed with maximum shock absorption to provide comfortable, pain-free mobility support."
"Medical Knee Scooter for Broken Foot by HEALTHLINE,   ...",$139.85,2.0/5.0,https://www.walmart.com/ip/Medical-Knee-Scooter-Broken-Foot-HEALTHLINE-Knee-Walker-Scooter-Handle-Brake-Basket-Crutch-Alternative-Steerable-Terrain-Knee-Scooter-Red/447206001,"The Steerable Knee Walker by Healthline Trading provides a comfortable pain-free alternative to crutches and is ideal for individuals who are recovering from foot surgery, breaks, sprains, amputations and ulcers of the foot. This innovative walker can be easily adjusted without tools to meet your needs, allowing for increased maneuverability. Equipped with large wheels and a durable frame design, the Knee Walker provides maximum control when used indoors or outdoors. This product comes standard with tool-free height-adjustable dual hand brakes, ensuring optimal safety and security when in use. The extra thick leg pad can be height-adjusted and provides increased stability, allowing for a pain-free comfortable experience. One of the greatest features of this knee walker is how easily the unit folds without tools, making travel, storage or just getting around easy."
KneeRover Steerable Knee Scooter Knee Walker Crutch   ...,$169.00,4.5/5.0,https://www.walmart.com/ip/KneeRover-Steerable-Knee-Scooter-Knee-Walker-Crutch-Alternative-in-HOT-PINK/151159595,"<b>PINK KNEEROVER STEERABLE KNEE SCOOTER KNEE WALKER </b> <br /> <br />Ideal for individuals recovering from injury or surgery to the foot, ankle or lower leg as well as below the knee amputees. The Steerable Knee Scooter is one of the most proven and trusted knee walkers in the industry and an excellent crutch alternative. <br /> <br />Excellent stability and control when maneuvering - these steerable knee walkers offer an adjustable locking handbrake and rear disc brake. <br /> <br />Fully adjustable handlebars and knee platform, this lightweight yet sturdy knee walker offers a robust 300 lb weight capacity and is recommended for individuals with heights 5' - 6'6 <br />"
"Isokinetics, Inc. Knee Scooter Walker - w/Most Sough  ...",$187.22,0.0/5.0,https://www.walmart.com/ip/Isokinetics-Inc-Knee-Scooter-Walker-w-Most-Sought-Features-Silver-Removable-Basket-Non-Scuff-Wheels-Locking-Brakes-and-one-just-fun-a-Bell/266929290,"We created our Deluxe model with the features people asked for most: Comes a removable basket, non-scuff wheels, a locking parking brake and, just for fun, a bell! Our steerable Knee Walker, a.k.a. a knee scooter or knee caddy, provides a comfortable, pain free alternative to crutches and is ideal for individuals who are recovering from foot surgery, breaks, sprains, amputations or ulcers of the foot (can only used for ankle and foot inquiries). This innovative and stylish crutch substitute can be easily adjusted without tools to meet your needs allowing for increased maneuverability. We use a steel, dual frame design to provide maximum strength and durability when used indoors or outdoors (on smooth surfaces). Our single hand brake employs an innovative drum braking mechanism that simultaneously brakes both rear wheels, for smooth, sure stops. The brake also includes a parking brake feature that locks the wheels when needed. The extra thick knee cushion can be height adjusted and is channeled to provide increased stability, allowing for a pain free, comfortable experience. One great feature of our Knee Walker is how easily the unit folds without tools, making travel, storage or just getting around easier."
NEW KneeRover QUAD All Terrain Knee Walker in Metall  ...,$399.00,0.0/5.0,https://www.walmart.com/ip/NEW-KneeRover-QUAD-All-Terrain-Knee-Walker-in-Metallic-Blue/339798530,"About the productThe KneeRover QUAD is the Next Generation knee walker, providing the ultimate in comfort, stability and all terrain freedom. Equipped with an industry first - FOUR 12&quot; air filled tires, the KneeRover QUAD is perfect for navigating any terrain with ease.Ideal for individuals recovering from injury or surgery to the foot, ankle or lower leg as well as below the knee amputees. The KneeRover QUAD is an excellent alternative to crutches and offers the most versatility among knee walkers.Maximum stability and control when maneuvering - these steerable knee walkers offer an advanced automotive style tie-rod steering mechanism and a proven drum braking system.Fully adjustable knee platform and handle bars with premium easy folding mechanism for simple transport and storage of rolling knee walker.Lightweight yet heavy duty frame offers unprecedented strength and stability for a knee scooter. All Terrain KneeRover knee walker offers a 350 lb weight capacity and is recommended for individuals with heights 5' - 6'4&quot;."
KneeRover Kids Knee Walker Child Knee Scooter Pediat  ...,$159.00,4.0/5.0,https://www.walmart.com/ip/KneeRover-Kids-Knee-Walker-Child-Knee-Scooter-Pediatric-Crutch-Alternative-with-Basket-in-Light-Blue/167506644,"<b>KNEEROVER KNEE WALKER JR.</b> <br /> <br />Ideal for kids and small adults recovering from injury or surgery to the foot, ankle or lower leg as well as below the knee amputees. The KneeRover Knee Walker Jr is the industry's first pediatric steerable knee scooter and an excellent alternative to crutches. <br /> <br />Excellent stability and control when maneuvering - these steerable knee walkers offer an adjustable locking handbrake and a rear disc brake. <br /> <br />Fully adjustable handlebars and knee platform, this very lightweight yet sturdy knee walker offers a 160 lb weight capacity and is recommended for children and small adults with heights 3'6&quot; to 5'4&quot;. <br /> <br />"
Clevr Foldable Medical Steerable Knee Walker Scooter  ...,$129.99,0.0/5.0,https://www.walmart.com/ip/Clevr-Foldable-Medical-Steerable-Knee-Walker-Scooter-Roller-Crutch-Alternative-Silver/798067235,"<p>If you are in need of a mobility aid during the course of your recovery, consider selecting this brand new Foldable Medical Steerable Knee Walker Aid Scooter Crutch Alternative in Silver. A knee walker can be a welcome alternative to crutches for people who are recovering from foot, ankle, or lower-leg injuries and surgeries. This foldable scooter is designed to enhance independence, while allowing injuries to heal. The foldable design is convenient for storage when it is not in use. The walker scooter features a contoured channel with dense padding that allows your leg to fit comfortably and securely. With this, you can get around with ease while keeping your injury rested and snug. It is equipped with two locking handbrakes, which can control the rear brakes to stop the walker easily. The height of the seat and handlebar can be adjusted for superior comfort and fit.</p>"
KneeRover HYBRID Knee Walker - Featuring KneeCycle K  ...,$249.00,4.0/5.0,https://www.walmart.com/ip/KneeRover-HYBRID-Knee-Walker-Featuring-KneeCycle-Knee-Scooter-with-Basket-in-Blue/172306030,"The ALL NEW KNEEROVER HYBRID KNEE WALKER  <br /> <br />The Latest Innovation from KneeRover - the #1 Knee Scooter Brand.  <br /> <br />The KneeRover HYBRID is the first knee scooter to feature All Terrain Pneumatic Front wheels in a four wheel design for maximum freedom and stability for individuals recovering from a broken foot, broken ankle, broken leg, foot surgery, ankle surgery or other lower leg injuries or medical conditions like ulcers. <br /> <br />ALL NEW product combines the proven, top rated performance and stability of the KneeCycle with an All Terrain front axle featuring 9 inch pneumatic wheels. <br /> <br />"
Roscoe Medical Universal Knee Scooter Pad Cover,$10.53,4.1/5.0,https://www.walmart.com/ip/Roscoe-Medical-Universal-Knee-Scooter-Pad-Cover/46396718,"Stay both comfortable and mobile with the Roscoe Universal Knee Scooter Walker Pad Cover. It's made of 100 percent durable polyester. This walker accessory has a soft, fluffy top to reduce rubbing and chafing on the knees while you use your scooter. An elastic band keeps it securely in place even if you're move around. This polyester cover is sized to fit a variety of knee scooter models. It's machine washable and an easy way to keep your mobility device clean and comfortable."
Drive Medical Dual Pad Steerable Knee Walker Knee Sc  ...,$129.99,4.6/5.0,https://www.walmart.com/ip/Drive-Medical-Dual-Pad-Steerable-Knee-Walker-Knee-Scooter-with-Basket-Alternative-to-Crutches/38444211,"For those experiencing pain or discomfort following foot surgery, breaks, sprains or ulcers, the Dual Pad Steerable Knee Walker with Basket from Drive is a simple, comfortable, durable, and pain-free crutch alternative. Unlike other knee walkers that offer only forward-facing front wheels, Drive's Steerable Knee Walker features a fully maneuverable pair of front wheels for superior ease of use. Plus, the new two-piece leg pad provides superior user comfort. Tool-free height and left/right leg adjustments let users tailor the Knee Walker to their specific needs. The unit's 8&quot; wheels make it ideal for indoor and outdoor use and the deluxe dual braking system helps maximize safety. The Dual Pad Steerable Knee Walker with Basket provides quicker mobility and enhanced safety and stability over crutches allowing you to better manage pain and recover more quickly."
Drive Medical DV8 Aluminum Steerable Knee Walker Kne  ...,$146.99,4.6/5.0,https://www.walmart.com/ip/Drive-Medical-DV8-Aluminum-Steerable-Knee-Walker-Knee-Scooter-Crutch-Alternative/15423445,"For patients experiencing pain or discomfort following foot surgery, breaks, sprains or ulcers, the Steerable Knee Walker from Drive is a simple, durable, and comfortable alternative to crutches that allows you to better manage pain and recover more quickly. Crutches can be cumbersome and uncomfortable and their prolonged use can cause painful sores under the arms. The Steerable Knee Walker eliminates those concerns with a smooth rolling option that provides quicker mobility along with four-wheel stability and safety. The fully maneuverable front wheels allow the user to conveniently steer around obstacles and corners for superior ease of use around the home or in busy hallways. The large 8 wheels also make the Walker great for handling outdoor terrain. The deluxe dual-braking system allows quick stopping, ensuring even greater safety. Tool-free height and left/right leg adjustments let users tailor the Knee Walker to their specific needs. Dont wait to experience the enhanced mobility and comfort of the Steerable Knee Walker Experience the Drive Difference Now!"
Costway Steerable Foldable Knee Walker Scooter Turni  ...,$119.99,3.5/5.0,https://www.walmart.com/ip/Costway-Steerable-Foldable-Knee-Walker-Scooter-Turning-Brake-Basket-Drive-Cart-Black/127872925,"Make it easier for people with special physical needs to move around with this Costway Steerable Foldable Knee Walker Scooter. This model is especially designed for users who hurt their foot, ankle, hip, lower leg or knee or those who are recovering from an injury. This bariatric knee walker has a foldable design that makes it convenient to store and transport when it's not in use. The contoured channel allows your leg to fit comfortably and securely. Moreover, it is equipped with two locking handbrakes, which can control the rear disc brakes to stop the entire unit easily. The height of the seat and handlebar can be adjusted. With the attached basket, you can bring anything small with you. This heavy-duty knee walker has a sturdy steel frame that provides stability when still or during movement. <br />"
Equate Steerable Knee Walker Scooter,$115.00,4.6/5.0,https://www.walmart.com/ip/Equate-Steerable-Knee-Walker-Scooter/128305573,"For those recovering from a below-the-knee injury or surgery, the Equate Dual Pad Steerable Knee Walker with basket is a simple yet comfortable alternative to crutches. Designed to keep you active and moving, this knee walker scooter features fully maneuverable front wheels. Adjustable to suit the needs of each individual user, it offers tool-free height and leg adjustments, and the two-piece leg pad provides superior comfort. In addition, the deluxe dual-braking system provides maximum safety while the 8&quot; wheels are ideal for indoor or outdoor use."
KneeRover Kids Knee Walker Child Knee Scooter Pediat  ...,$159.00,0.0/5.0,https://www.walmart.com/ip/KneeRover-Kids-Knee-Walker-Child-Knee-Scooter-Pediatric-Crutch-Alternative-in-PINK/158560300,"<b>PINK KNEEROVER KNEE WALKER JR.</b> <br /> <br />Ideal for kids and small adults recovering from injury or surgery to the foot, ankle or lower leg as well as below the knee amputees. The KneeRover Knee Walker Jr is the industry's first pediatric steerable knee scooter and an excellent alternative to crutches. <br /> <br />Excellent stability and control when maneuvering - these steerable knee walkers offer an adjustable locking handbrake and a rear disc brake. <br /> <br />Fully adjustable handlebars and knee platform, this very lightweight yet sturdy knee walker offers a 160 lb weight capacity and is recommended for children and small adults with heights 3'6&quot; to 5'4&quot;. <br /> <br />"
Equate Crutch Pillows,$9.67,4.8/5.0,https://www.walmart.com/ip/Equate-Crutch-Pillows/262120045,"<p>Using crutches can be uncomfortable and even a bit painful at times. These Crutch Pillows provide padding for your hands and under your arms to help you move with comfort. After all, a broken leg or sprained ankle is painful enough. Each pillow is machine washable and made to fit standard underarm crutches.</p> <p>Making the right health decisions can be challenging. With a complete range of products and simple solutions, Equate allows you to take care of your family with confidence.</p>"
Super Big Foot Cane Tip in Black,$11.06 - $13.24,5.0/5.0,https://www.walmart.com/ip/Super-Big-Foot-Cane-Tip-in-Black/54423195,The Super Big Foot cane tip allows any cane to stand on its own in style! The six &quot;foot&quot; tip will keep your cane where you leave it eliminating the fear of it falling down or you losing it. But don't worry about losing functionality as the will flex when you walk allowing you to stay mobile. Dress up your cane in style with two color options: black and pink. Cane tip can be easily added onto any standard aluminum cane with a 3/4-inch shaft.
Crutch Accessory Kit,$9.75,2.7/5.0,https://www.walmart.com/ip/Crutch-Accessory-Kit/54423162,"Includes all of the items that you need to rehab your crutches. Each kit includes a pair of crutch arms pads, hand grips and 3/4-inch tips. All accessories are in grey color that will resist wear and tear."
