Vizara Hearing Aid System | Premium Bluetooth Hearin  ...,"$999.00 - $1,899.00",0.0/5.0,https://www.walmart.com/ip/Vizara-Hearing-Aid-System-Premium-Bluetooth-Hearing-Device-with-Recharging-Station-Right-Left-Pair/521796449,Vizara Hearing Aid System by Zounds - Pair (Left &amp; Right)
Alpha 3 Hearing Aid | Smartphone Enabled Premium Hea  ...,$499.00,5.0/5.0,https://www.walmart.com/ip/Alpha-3-Hearing-Aid-Smartphone-Enabled-Premium-Hearing-Device-Patented-Noise-Blocking-System-Right-or-Left/723285115,"<p><strong>ALPHA&nbsp;3&nbsp;Hearing Aid (Left) - BEST IN CLASS VALUE</strong></p>  <p>Each<strong> ALPHA</strong>&nbsp;hearing aid is designed with features to better match each person’s lifestyle. The <strong>ALPHA 3 Hearing Aid&nbsp;</strong>presents a high-quality, low-cost hearing loss solution. Additionally, the&nbsp;<strong>ALPHA 3&nbsp;</strong>hearing aid can connect to&nbsp;<strong>InnerScope’s Smart Control</strong>&nbsp;app (available on iOS &amp; Android), allowing the user to control volume and programs to fit each environment.</p>  <p>Our&nbsp;<strong>Best-Value&nbsp;Hearing Aid</strong> with <strong>Receiver in the Canal Technology</strong>, has all the features you need from a hearing aid, without the exorbitant price tag.</p>  <p><strong>To Sound Natural, Mimic Nature</strong></p>  <p>The <strong>ALPHA 3</strong> takes advantage of a technology platform that mimics your ear. Alpha Series detects sound at different frequencies and levels, then adjusts the sound for your unique hearing loss.</p>  <p><strong>To Improve Understanding in Noise, Direct the Sound</strong></p>  <p>The <strong>Alpha 3</strong> offers several directional technologies to improve hearing in noisy situations. For example, the HIGHLY <strong>Advanced Directional system</strong> creates a focus area in front of the listener — like a listening “beam.” The sounds within the beam are amplified more. The <strong>Alpha 3</strong> varies how much sounds are reduced when they move outside of the beam. Some Alpha Series products have automatic and adaptive directional options that provide hands-free operation in a wide variety of listening environments.</p>  <p><strong>Automatic Options – With Real-Time Data Analysis System</strong></p>  <p>The <strong>Alpha 3</strong> is ready for most listening situations thanks to its Universal listening environment. This feature automatically adjusts the settings of your instrument based on the sounds around you. It instantaneously analyzes factors like ambient noise, the location of noise, and the overall signal-to-speech ratio. You won’t notice it’s making adjustments, but you’ll certainly appreciate the hands-free improvements it brings.</p>  <p>The system works by applying different amounts of amplification based on the loudness of the sound coming into the hearing aid. For soft background sounds that could be annoying, very little-if any-amplification is applied. At sound levels where speech is typically present, maximum amplification is applied. For sounds that are very loud, amplification is reduced to prevent these sounds from becoming uncomfortable.</p>  <p><strong>Reduces Unwanted Background Noise</strong></p>  <p>The <strong>ALPHA 3</strong> incorporates noise reduction systems to make listening more pleasant. After all, you don’t want everything around you to be louder — just the sounds and speech that are most important.</p>  <p>Thanks to its<strong>&nbsp;Instantaneous Noise Blocking System,&nbsp;</strong>which is specifically designed to improve speech understanding in noise, the <strong>ALPHA 3&nbsp;</strong>constantly monitors sounds to separate steady-state background noise from modulated speech. When the system detects that there is more noise than speech, the&nbsp;<strong>Instantaneous Noise Blocking System</strong>&nbsp;automatically engages.&nbsp;</p>"
Energizer EZ Turn & Lock + Power Seal Zinc Air Heari  ...,$10.1864.0¢/each,5.0/5.0,https://www.walmart.com/ip/Energizer-EZ-Turn-Lock-Power-Seal-Zinc-Air-Hearing-Aid-Batteries-1-4V-Mercury-free-Size-312-Pack-of-16/34022365?wpa_bd=&wpa_pg_seller_id=F55CDC31AB754BB68FE0B39041159D63&wpa_ref_id=1f946e250c3263de8a99aa94be971764&wpa_aux_info=__aux_info__&wpa_tag=&wpa_pos=3&wpa_plmt=__plmt__&wpa_aduid=__aduid__,"Energizer EZ Turn &amp; Lock Hearing Aid Battery is Energizer's longest lasting hearing aid battery. These batteries come in an easy-to-handle recyclable packaging keeping your zinc air batteries secure, with longer tabs to make them as simple as possible to handle and insert into your hearing aid. The perforated pack allows easy access in the back of the pack to remove one battery at a time. Energizer Hearing Aid Battery Packs follow the industry standard color-coded system so you can be assured of the correct size every time you buy a battery. This pack contains eight size-10 1.4V zero-mercury and leak-proof zinc air hearing aid batteries.  <br />"
Alpha 5 Hearing Aid | Premium Bluetooth Hearing Aid   ...,$806.45,5.0/5.0,https://www.walmart.com/ip/Alpha-5-Hearing-Aid-Premium-Bluetooth-Hearing-Aid-Device-Patented-Noise-Blocking-System-Right-or-Left/708900558,"<p><strong>ALPHA 5 Hearing Aid (Left)</strong></p>  <p>Each<strong>&nbsp;ALPHA</strong>&nbsp;hearing aid is designed with features to better match each person’s lifestyle. The&nbsp;<strong>ALPHA 5 Hearing Aid&nbsp;</strong>is recommended for someone who enjoys going out to dinner and engaging in social activities with friends or family. Additionally, the&nbsp;<strong>ALPHA 5&nbsp;</strong>hearing aid can connect to&nbsp;<strong>InnerScope’s Smart Control</strong>&nbsp;app (available on iOS &amp; Android), allowing the user to control volume and programs to fit each environment.</p>  <p>Our&nbsp;<strong>ALPHA 5&nbsp;</strong>Hearing Aid&nbsp;with&nbsp;<strong>Receiver in the Canal Technology</strong>, has all the features you need from a hearing aid, without the exorbitant price tag.</p>  <p><strong>To Sound Natural, Mimic Nature</strong></p>  <p>The&nbsp;<strong>ALPHA 5</strong>&nbsp;takes advantage of a technology platform that mimics your ear. Alpha Series detects sound at different frequencies and levels, then adjusts the sound for your unique hearing loss.</p>  <p><strong>To Improve Understanding in Noise, Direct the Sound</strong></p>  <p>The&nbsp;<strong>Alpha 5</strong>&nbsp;offers several directional technologies to improve hearing in noisy situations. For example, the HIGHLY&nbsp;<strong>Advanced Directional system</strong>&nbsp;creates a focus area in front of the listener — like a listening “beam.” The sounds within the beam are amplified more. The&nbsp;<strong>Alpha 5</strong>&nbsp;varies how much sounds are reduced when they move outside of the beam.</p>  <p><strong>Automatic Options – With Real-Time Data Analysis System</strong></p>  <p>The&nbsp;<strong>Alpha 5</strong>&nbsp;is ready for most listening situations thanks to its Universal listening environment. This feature automatically adjusts the settings of your instrument based on the sounds around you. It instantaneously analyzes factors like ambient noise, the location of noise, and the overall signal-to-speech ratio. You won’t notice it’s making adjustments, but you’ll certainly appreciate the hands-free improvements it brings.</p>  <p>The system works by applying different amounts of amplification based on the loudness of the sound coming into the hearing aid. For soft background sounds that could be annoying, very little-if any-amplification is applied. At sound levels where speech is typically present, maximum amplification is applied. For sounds that are very loud, amplification is reduced to prevent these sounds from becoming uncomfortable.</p>  <p><strong>Reduces Unwanted Background Noise</strong></p>  <p>The&nbsp;<strong>ALPHA 5</strong>&nbsp;incorporates noise reduction systems to make listening more pleasant. After all, you don’t want everything around you to be louder — just the sounds and speech that are most important.</p>  <p>Thanks to its<strong>&nbsp;Instantaneous Noise Blocking System,&nbsp;</strong>which is specifically designed to improve speech understanding in noise, the&nbsp;<strong>ALPHA 5&nbsp;</strong>constantly monitors sounds to separate steady-state background noise from modulated speech. When the system detects that there is more noise than speech, the&nbsp;<strong>Instantaneous Noise Blocking System</strong>&nbsp;automatically engages.&nbsp;</p>"
"Energizer Hearing Aid Battery, Zero Mercury Coin Cel  ...",$9.99,5.0/5.0,https://www.walmart.com/ip/Energizer-Hearing-Aid-Battery-Zero-Mercury-Coin-Cell-13-1-4V/112855512?wpa_bd=&wpa_pg_seller_id=F55CDC31AB754BB68FE0B39041159D63&wpa_ref_id=2cedf8a53f56653a604052e26b71354c&wpa_aux_info=__aux_info__&wpa_tag=&wpa_pos=5&wpa_plmt=__plmt__&wpa_aduid=__aduid__,"Energizer EZ Turn &amp; Lock Hearing Aid Battery is Energizer's longest lasting hearing aid battery. These batteries come in an easy-to-handle recyclable packaging keeping your zinc air batteries secure, with longer tabs to make them as simple as possible to handle and insert into your hearing aid. The perforated pack allows easy access in the back of the pack to remove one battery at a time. Energizer Hearing Aid Battery Packs follow the industry standard color-coded system so you can be assured of the correct size every time you buy a battery. This pack contains eight size-10 1.4V zero-mercury and leak-proof zinc air hearing aid batteries.  <br />"
Alpha 9 Hearing Aid | Premium Bluetooth Hearing Aid   ...,"$1,048.39",5.0/5.0,https://www.walmart.com/ip/Alpha-9-Hearing-Aid-Premium-Bluetooth-Hearing-Aid-Device-Patented-Noise-Blocking-System-Right-or-Left-Year-Supply-of-Batteries-Included/986943329,"<p><span style=""font-size: 18pt;""><strong>ALPHA 9 Hearing Aid (Left) - BEST IN CLASS</strong></span></p>  <p><span style=""font-size: 18pt;"">Each <strong>ALPHA</strong> hearing aid model is designed with different features to better match each person’s lifestyle. The <strong>ALPHA 9 </strong>is the pinnacle of the <strong>ALPHA</strong> line. On the strength of its&nbsp;<strong>Premium Surround Sound Processor</strong>, it is recommended for those with an active lifestyle who regularly engage in social interactions and different environments.</span></p>  <p><span style=""font-size: 18pt;"">The<strong> ALPHA 9's DFS System&nbsp;</strong>suppresses feedback while still allowing sufficient gain without compromising sound quality. Additionally, the&nbsp;<strong>ACOUS-TAP&nbsp;</strong>button allows for added user versality and comfort. With a simple touch of a button, the user can toggle between multiple enviornmental settings.</span></p>  <p><span style=""font-size: 18pt;""><em>Connect to your smartphone with ease!</em>&nbsp;<strong>ALPHA</strong> hearing aids can connect to <strong>InnerScope’s Smart Control</strong> app (available on iOS &amp; Android), allowing the user to control volume and programs to fit each environment.&nbsp;</span></p>  <p>&nbsp;</p>  <p>&nbsp;</p>"
Prezia Hearing Aid System by Zounds - Receiver in th  ...,"$799.00 - $1,599.00",0.0/5.0,https://www.walmart.com/ip/Prezia-Hearing-Aid-System-by-Zounds-Receiver-in-the-Canal-Hearing-Aid-Device-Environmental-Noise-Reduction-Pair/408301034,Prezia Hearing Aid System by Zounds - Pair (Left &amp; Right)
HB100 | Digital Hearing Aid Kit | Receiver-in-Canal   ...,$399.00 - $798.00,0.0/5.0,https://www.walmart.com/ip/HB100-Digital-Hearing-Aid-Kit-Receiver-in-Canal-Technology-Four-Program-Presets-by-Zounds-Hearing-Inc/399928890,HB100 Hearing Aid Kit - Pair (Left &amp; Right)
LifeEar Core Hearing Aid | Customizable Bluetooth He  ...,"$725.81 - $1,451.61",0.0/5.0,https://www.walmart.com/ip/LifeEar-Core-Hearing-Aid-Customizable-Bluetooth-Hearing-Aid-Device-Right-Left-Ear-or-Pair/522104300,"<h4>The LifeEar&nbsp;<em>CORE</em></h4>  <h4>LifeEar&reg; CORE puts you in control, helping you optimize your hearing without the appointments at the local hearing clinic. LifeEar hearing aid changes and adapts to your hearing. Advanced digital sound technology creates accurate, unique personal profiles in the privacy of your own home, instantly personalizing your hearing aids so conversations and sounds stay crisp, sharp, and clear — year after year.</h4>"
Simplicity Smart Touch Hearing Aid Pair,$383.28 - $899.00,4.2/5.0,https://www.walmart.com/ip/Simplicity-Smart-Touch-Hearing-Aid-Pair/19511763,"The Simplicity Smart Touch Hearing Aid Pair will allow you to start enjoying the pleasure of everyday sounds again quickly and easily. The small size of these devices makes them lightweight, so they can be comfortably worn all day long. Additionally, they do not interfere with eyeglasses. These Simplicity hearing aids feature an open-fit design in the soft sound dome, leaving the ear canal unblocked and allowing natural sounds to pass through without being amplified. The highly desirable design will eliminate any tunnel or echo sensation. These hearing devices also feature advanced active feedback management to help reduce annoying feedback or whistling noise that is a common side-effect with hearing aids. The nearly invisible micro poly-tubes offer comfort and flexibility for extended wear time."
"Simply Soft Smart Touch Hearing Aid, Pair",$416.74 - $849.00,3.2/5.0,https://www.walmart.com/ip/Simply-Soft-Smart-Touch-Hearing-Aid-Pair/19511766,"The Simply Soft Smart Touch Hearing Aids are audiologist-recommended to help you hear everyday sounds more easily. They are designed for those with mild-to-moderate flat hearing loss and individuals that have a high-frequency (treble) hearing loss but also need assistance in the lower frequencies (bass). They utilize advanced technology that offers clean amplification for a wide variety of situations you may encounter. That technology incorporates sophisticated 100 percent digital processing to optimize sound clarity in a wide range of listening situations. These Simply Soft hearing aids fit discreetly and comfortably in the ears for both men and women. The ultra-soft body provides a comfortable, secure fit and accentuates the superior sound quality. These hearing devices slip into your ears, creating an acoustical seal that helps to eliminate annoying feedback."
Simplicity Smart Touch Digital Over-the-Ear Hearing   ...,$383.28 - $459.89,4.2/5.0,https://www.walmart.com/ip/Simplicity-Smart-Touch-Digital-Over-the-Ear-Hearing-Aid-Left-Ear/15599962,"This Simplicity Smart Touch Digital Over-the-Ear Hearing Aid helps individuals who are hard of hearing continue to function normally. Auditory loss is a personal and costly condition. Oftentimes, the person with the hearing loss is the last to acknowledge their struggles. General Hearing Instruments (GHI) has a solution to help consumers with a mild to moderate high-frequency loss. GHI leads the market with an affordable line of 100 percent digital and analog hearing aids in both In the Ear (ITE) and Over the Ear (OTE) styles. Their hearing aids are so discreet and lightweight you will forget you are wearing them. GHI manufactures these them to the exact same specifications as the custom models they offer to audiologists. The Simplicity hearing aid allows you to clearly hear the everyday sounds you used to take for granted, such as children, birds chirping, people talking and more."
Simplicity Smart Touch Digital Over-the-Ear Hearing   ...,$488.81 - $499.00,4.2/5.0,https://www.walmart.com/ip/Simplicity-Smart-Touch-Digital-Over-the-Ear-Hearing-Aid-Right-Ear/15599961,"This Simplicity Smart Touch Digital Over-the-Ear Hearing Aid is discreet and lightweight so you will practically not even know that you are wearing it. Auditory loss is a difficult condition, and the individual affected is oftentimes the last to acknowledge their struggles. This Simplicity hearing aid is designed to the exact specification as the custom hearing aids offered to audiologists. With it, you can restore confidence and the ability to interact in conversations with family and friends again. This right ear hearing aid has advanced digital technology that provides natural sound throughout the entire hearing spectrum. It has active feedback manager programming that reduces annoying feedback or whistling common in most hearing aids. It has easy-to-use push button control that allows you to scroll through four amplification settings. The open ear design leaves ears unblocked, and the sound seems more natural without a plugged up feeling."
"SimplySoft Classic Hearing Aid Left, Ear",$399.00,3.7/5.0,https://www.walmart.com/ip/SimplySoft-Classic-Hearing-Aid-Left-Ear/19511760,"<p>The SimplySoft Classic Hearing Aid has a multi-patented design that represents the perfect combination of quality sound amplification and ultra-soft comfort. It fits comfortably and conveniently in your ear canal, creating an acoustical seal to help eliminate irritating feedback. It is also discreet and almost invisible and even flexes with the ear rather than being disrupted by jaw movement. Therefore, you won't have to adjust it after talking or chewing. The patented SoftEar body of this left ear hearing aid offers relaxed hearing flexibility and comfort for extended wear. This SimplySoft Classic Hearing Aid features manual volume control for a more precise sound amplification. It is made of 100 percent hypoallergenic medical grade silicone for sensitive ears. </p>"
"SimplySoft Classic Hearing Aid, Right Ear",$399.00,3.7/5.0,https://www.walmart.com/ip/SimplySoft-Classic-Hearing-Aid-Right-Ear/19511764,"<p>The Simply Soft Classic Hearing Aid is a multi-patented design that represents the ideal combination of quality sound amplification and ultra-soft comfort. The efficient circuitry will optimize the clarity of sound in a wide range of listening situations with an extremely long battery life. This hearing aid offers manual volume control for maximum precision. It is designed for those with a mild-to-moderate flat hearing loss, and individuals that have a high-frequency (treble) hearing loss, but also need assistance in the lower frequencies (bass).The patented soft silicone material offers comfort and flexibility. It slips into most ear canals for a nearly invisible fit. This small right ear hearing aid forms a unique acoustical seal to help eliminate annoying or irritating feedback. The SimplySoft Classic is designed to fit your unique ear shape.</p>"
Ovation Elect Digital Hearing Aid,$179.99,0.0/5.0,https://www.walmart.com/ip/Ovation-Elect-Digital-Hearing-Aid/195368398,"The Ovation Elect is the next-generation hearing solution that is specifically designed to turn up the volume on your hearing, but at a fraction of the price of a traditional hearing aid. Combining the same core technology as much higher priced devices with our exclusive universal pre-programmed settings, the Ovation Excel can help you enjoy all the sounds you've been missing. The Excel features a nearly-invisible mini-BTE design and comes equipped with 4 unique listening programs and an on-device volume control. <br /> <br />Each device comes with: <br /> <br />3 closed tips // 3 open tips // 24 batteries // 2 tubes // 1 cleaning brush // 1 cleaning wire // 1 storage case // 1 user guide"
Ovation Excel Digital Hearing Aid,$299.00,0.0/5.0,https://www.walmart.com/ip/Ovation-Excel-Digital-Hearing-Aid/852286295,"The Ovation Excel is the next-generation hearing solution that is specifically designed to turn up the volume on your hearing, but at a fraction of the price of a traditional hearing aid. Combining the same core technology as much higher priced devices with our exclusive universal pre-programmed settings, the Ovation Excel can help you enjoy all the sounds you've been missing. The Excel features a nearly-invisible mini-BTE design and comes equipped with 4 unique listening programs and an on-device volume control. <br /> <br />Each device comes with: <br /> <br />3 closed tips // 3 open tips // 24 batteries // 2 tubes // 1 cleaning brush // 1 cleaning wire // 1 storage case // 1 user guide"
Ovation Boost Digital Hearing Aid,$399.00,0.0/5.0,https://www.walmart.com/ip/Ovation-Boost-Digital-Hearing-Aid/896806904,"The Ovation Boost is our most popular model and gives you the greatest amount of control over your hearing. Whether you choose a pre-programmed model or want the device to be programmed to your audiogram results, the Ovation Boost will come equipped with 4 unique listening programs, and an on-device volume control. Simply put, the Ovation Boost will give you the freedom to hear what you want, when you want in nearly any setting. <br /> <br />Each device comes with: <br /> <br />3 closed tips // 3 open tips // 24 batteries // 2 tubes // 1 cleaning brush // 1 cleaning wire // 1 storage case // 1 user guide"
Ovation Standard Digital Hearing Aid,$299.00,0.0/5.0,https://www.walmart.com/ip/Ovation-Standard-Digital-Hearing-Aid/560434991,"While small in size, the Ovation Standard is packed with some of the most advanced digital technology available today. This device offers maximum concealment by sitting gently in your ear canal and comes with multiple sizes of ear tips to ensure a proper fit. <br /> <br />Each device comes with: <br /> <br />dome tips // 24 batteries // 1 cleaning brush // 1 storage case // 1 user guide"
Ovation Lift Digital Hearing Aid,$599.00,0.0/5.0,https://www.walmart.com/ip/Ovation-Lift-Digital-Hearing-Aid/875376051,"The Ovation Lift is the smallest of the Ovation Hearing Aids, but also contains all of the best features, providing you with top-of-the-line performance and usability. With its open-fit design, the Ovation Lift rests gently and comfortably in your ear and is nearly invisible when in use. <br /> <br />Each device comes with: <br /> <br />1 retention loop // 1 protective sleeve // wax guard set // 24 batteries // 1 storage case // 1 user guide"
Audicus Dia II Hearing Aid - Pair,"$1,278.00",0.0/5.0,https://www.walmart.com/ip/Audicus-Dia-II-Hearing-Aid-Pair/463636009,"The Audicus Dia II is a highly versatile Behind the Ear (BTE) digital hearing aid for all your hearing needs. Its award-winning, discreet hearing aid design, combined with its ability to accommodate up to severe hearing loss, makes it an option for nearly anyone looking for a behind the ear hearing aid. With two directional microphones, eight channels, and advanced signal processing, the Dia II BTE hearing aid is equipped to drown out background noise and amplify speech. It features auto-adapt technology to work in a host of listening environments, as well as multiple volume settings for maximum control. This is the top discreet hearing aid on the market today. Customization &amp; free testing included with purchase."
Eva - The First Hearing Aid Designed for Women,$499.00 - $998.00,0.0/5.0,https://www.walmart.com/ip/Eva-The-First-Hearing-Aid-Designed-for-Women/231193422,Eva - Hearing Aid Designed for Women is the first hearing aid designed specifically for women's hearing loss patterns. Eva hearing aids provide a low-profile design for invisible secure fit and maintaining an active lifestyle. Eva hearing devices can be programmed specifically for your hearing loss. Eva is 100% digital and can deliver excellent sound quality that is as clear as hearing aids sold for thousands of dollars.
iHEARmax™,$499.00 - $998.00,0.0/5.0,https://www.walmart.com/ip/iHEARmax/221410921,"iHEARmax Hearing Aid with the standard wire size is a virtually invisible behind-the-ear hearing aid for adults 5'3&quot; and taller. iHEARmax Hearing Aids are powerful, miniature devices for treatment of mild to severe hearing loss, recommended for all ages (18+). iHEAR hearing devices can be programmed specifically for one's individual hearing loss. iHEARmax is 100% digital and can deliver excellent sound quality that is as clear as hearing aids sold for thousands of dollars. Programming is not required but custom home programming is available with purchase of the iHEARmax Hearing Aid Programming Kit."
Rechargeable Invisible Mini Hearing Aid Ear Sound Am  ...,$26.48,0.0/5.0,https://www.walmart.com/ip/Rechargeable-Invisible-Mini-Hearing-Aid-Ear-Sound-Amplifier-Hearing-Aids-Adjustable-Volume-Tone-with-4-Ear-Plugs-For-Left-Right-Ears-FDA-Approved/285601122,"<ul>  <li>K-88 is a mini size rechargeable hearing aid with lightweight and can be used in either ear,inside built in high capacity NI-MH battery, it only take 3~4hours to charge,and it can work for about 30hours after fully charge.</li>  <li>package included</li>  <li>1 x Hearing aid</li>  <li>4 x Ear plugs(Different size)</li>  <li>1 x String</li>  <li>1 x Box</li>  <li>1 x Charger(US plug</li>  <li>1 x User manual</li>  <li>Features </li>  <li> 1. Lightweight personal sound amplifier maximizes the natural ability to hear sounds</li>  <li> 2. Designed to fit either ear</li>  <li> 3. Product comes with rechargeable function, no need to replace the batteries.</li>  <li> 4.Loudly &amp; Clearly </li>  <li>Description </li>  <li>1.Model:K-88 </li>  <li>2.Max Sound Output:1105dB</li>  <li>3.Max Sound Gain:30 dB</li>  <li>4.Harmonic Wave Distortion:10%</li>  <li>5.Frequency Range:300~4000 Hz</li>  <li>6.Input Noise:40 dB</li>  <li>7.Battery:NI-MH battery</li>  <li>8.Working VoltageDC 1.5V</li>  <li>9.Working Current:4mA</li>  <li>10.Measurement:22*19*15mm</li>  <li>Note:</li>  <li>Dear customer, please read the instructions carefully before using.</li>  <li>We will region according to the customer, select the appropriate charger, you can also give us a message</li> </ul>"
PerfectDry LUX Automatic Hearing Aid UV-C Disinfecti  ...,$61.49,3.0/5.0,https://www.walmart.com/ip/PerfectDry-LUX-Automatic-Hearing-Aid-UV-C-Disinfecting-and-Cleaning-System-by-Quest/34334951,"The PerfectDry LUX Automatic Hearing Aid disinfecting and cleaning system is an electronic device for the maintenance and storage of many kinds of hearing aids. The maintenance is ensured by the combination of a forced-air fan drying system and UV-C rays for disinfection. This electronic hearing aid cleaner is equipped with a lamp that emits short UV-C rays. Its 360-degree circular disposition enables it to reach all the surfaces of the hearing aids for a deep clean. The UV-C rays destroy 99 percent of viruses and bacteria, which dramatically reduces itchiness and infections of the ear canal for more comfortable wear. This Quest hearing aid disinfectant system has two cleaning options, the fast cycle and the intensive cycle, so you can choose the level of clean that you need."
2 x Small In Ear Hearing Aids Adjustable Tone Invisi  ...,$16.74,0.0/5.0,https://www.walmart.com/ip/2-x-Small-In-Ear-Hearing-Aids-Adjustable-Tone-Invisible-Best-Sound-Amplifier-Aid/986441805,"<h3>Features :</h3> <ul>  <li>100% brand new and high quality</li>  <li>Light Small Sound Amplifier Adjustable Tone ITE Hearing Aid</li>  <li>When you see the film, watch the play, have meeting, or have classes, this product can help you to hear the sound clearly and loudly</li>  <li>Made of durable soft plastic material that comfortable</li>  <li>While in forest, if you want to hear very slight sound, it will be a good choice</li>  <li>It can be used for sound amplifier</li>  <li>Max sound output: 1105dB</li>  <li>Sound gain: 30dB</li>  <li>Total Harmonic Wave Distortion: 10%</li>  <li>Frequency range: 300-4000Hz</li>  <li>Input noise: 40dB</li>  <li>Voltage: DC 1.5V</li>  <li>Current: 4mA</li> </ul> <h3>Important Note :</h3> <ul>  <li>It is forbidden to used by those patients with tympanitis or ear pyogenesis.</li>  <li>Don't use it at high volume for long time. Otherwise it will injure your ear If you feel uncomfortable, please stop using</li>  <li>Please maintain the products all the time, avoid ear plug and sound collecting hole being blocked by foreign objects. It will affect the effect of sound amplifier</li>  <li>Avoid shocking, falling the product. Don't keep or use it in environment of humid or high temperature</li>  <li>Don't throw the scrapped battery as common rubbish, it should be handled by special equipment</li>  <li>Please take out the battery if don't use it for a long time. Otherwise the components will be rotted by time. Rotten liquid from battery</li>  <li>Don't use the product in potential explosive or dangerous environment</li>  <li>Keep the unit away from the children. It will injure him or others, or damage the unit</li>  <li>Powered by AG3 or A312 zinc air battery</li>  <li>Dimensions: app.1.9 x 1.4 x 1.5 cm</li>  <li>Color: As the pictures show</li> </ul> <h3>Package includes :</h3> <ul>  <li>1 x Adjustable Tone Hearing Aid Sound Amplifier</li>  <li>2 x AG3 Button Cell Battery</li>  <li>4 x Earplug</li>  <li>1 x Carrying Case</li>  <li>1 x User Manual</li> </ul> <h3>Note : No retail package to save the cost and protect environment.</h3>"
"Duracell Hearing Aid Batteries with Easy-Fit Tab, Si  ...",$9.8862.0¢/each,4.7/5.0,https://www.walmart.com/ip/Duracell-Hearing-Aid-Batteries-with-Easy-Fit-Tab-Size-312-16-Pack/23810301,"At Duracell, we provide  <b>trusted power</b> to those who depend on us to keep their lives charged. Duracell Hearing Aid Batteries are crafted and infused with triple corrosion protection for battery power you can count on. This 16-pack of high performance hearing aid batteries will last in storage for up to 4 years, so you can rest assured that they will be ready when you need them. Each Duracell Hearing Aid battery tab is extra-long, for ease-of-use and simple installation. Duracell is the #1 trusted battery brand, and is recommended by the Arthritis Foundation for ease of use. We're proud to offer you Duracell 312 Hearing Aid Batteries as part of Duracells trusted lineup of batteries.  <br /> <br />"
(5 Packs) Genuine Phonak Cerustop Wax Traps ...IN TH  ...,$17.38,5.0/5.0,https://www.walmart.com/ip/5-Packs-Genuine-Phonak-Cerustop-Wax-Traps-IN-THE-CERUSTOP-Wrapper/168527126,(5 Packs) Genuine Phonak Cerustop Wax Traps ...IN THE CERUSTOP Wrapper <br /> <ul>  <li>These filters are the Cerustop filters direct from Phonak.</li>  <li>Each pack-8 Filters; 40 filters total.</li>  <li>These are the 3rd generation wax traps.</li>  <li>Direct Phonak replacement for the discontinued Wax Trap 2's</li> </ul>
Hearing Aid Battery Powerone size 13 made in Germany  ...,$15.49,5.0/5.0,https://www.walmart.com/ip/Hearing-Aid-Battery-Powerone-size-13-made-in-Germany-Genuine-60-Batteries/871513407,Hearing Aid Battery Powerone size 13 made in Germany Genuine 60 Pack
"Rayovac Extra Size 312, 60 Hearing Aid Batteries, Ma  ...",$17.90,5.0/5.0,https://www.walmart.com/ip/Rayovac-Extra-Size-312-60-Hearing-Aid-Batteries-Made-in-the-USA-w-Battery-Holder/634595813,"Total of 60 Rayovac Extra Size 312 Hearing Aid Batteries. Made in the USA and Includes Free Rayovac Branded Battery Holder. Guaranteed Fresh with 3-4 Year Shelf Life,"
PowerOne Size 312 Hearing Aid Batteries - 30 count,$9.80,5.0/5.0,https://www.walmart.com/ip/PowerOne-Size-312-Hearing-Aid-Batteries-30-count/191735898,PowerOne Size 312 Hearing Aid Batteries - 30 count <br /> <ul>  <li>Power One Size 312</li>  <li>30 Pack</li>  <li>Does not contain harmful mercury</li> </ul>
Dilwe Mini in Ear Digital Hearing Aid Adjustable Vol  ...,$10.82,0.0/5.0,https://www.walmart.com/ip/Dilwe-Mini-in-Ear-Digital-Hearing-Aid-Adjustable-Volume-Sound-Amplifier-for-the-Elderly-Deaf-Digital-Hearing-Aid-in-Ear-Hearing-Aid/875415480,"Description: <br />This mini hearing aid is specially designed for the hearing losing people which helps them attain clear and smooth sound providing more convenience in daily life. In addition, it also suitable for leisure and entertainment use, such as watch film, TV program, the play, attend meetings or have classes and like that. <br /> <br />Features: <br />High quality material hearing aid sound amplifier is comfortable and safe to wear. <br />Moderate size is just fitable to ears and looks concise and delicate in appearance when using it. <br />Can help you attain clear and smooth sound, which provides you more convenience in daily life. <br />You can increase and decrease the sound by the volume control according to your hearing habit. <br />Wearing it to block the unwanted and noise sounds in the surroundings for offering you a silent and ease environment. <br />Lightweight and discreet enough to fit easily in your pocket or handbag. <br />Suitable for hearing loss people, also can suitable for leisure and entertainment, such as watch film, TV program, the play, attend meetings or have classes and like that. <br /> <br />Specifications: <br />Material: ABS <br />Max Sound Output: 1105dB <br />Sound Gain: ?0dB <br />Harmonic Distortion: F?000HZ?0%, F?000HZ?% <br />Frequency Range: 250-3800 HZ <br />Input Noise: ?0dB <br />Voltage: DC 1.5V <br />Current: ?mA <br />Battery: AG3 Button battery (included) <br />Color: As Pictures Show <br />Size: 2.2 * 1.9 * 1.4cm / 0.9 * 0.7 * 0.6inch <br />Package Weight: Approx. 60g <br />Item Type: Hearing Aid <br />Function: Sound Enhancement, Noise Sound Blocking <br /> <br />Package Include: <br />1 x Hearing Aid <br />3 x Earplug( Different Sizes) <br />2 x Batteries <br />1 x User Manual <br />1 x Package Box <br /> <br />Note: <br />1. On battery cartridge, the sign &quot;+&quot; means positive electrode of battery, while &quot;-&quot; means negative electrode of battery. <br />2. If you can't hear from the hearing aid, please check if the hearing aid is power on, make sure to use the battery in correct direction and if run out of the battery. <br />3. If the sound of hearing aid is very weak and not clear, please check if inside components is loose or the acoustic channel is blocking. <br />4. If you feel uncomfortable, please stop using it. <br />5. Don't use water or organic detergent to clean the hearing aid, don't put it in water. <br />6. Don't throw the waste of the item into fire. <br /> <br /> <br />"
Power One p312 Hearing Aid Battery (10 Packs of 6 Ea  ...,$16.27,4.8/5.0,https://www.walmart.com/ip/Power-One-p312-Hearing-Aid-Battery-10-Packs-of-6-Each/141100463,"Premium hearing aid batteries, designed for today's high tech digital hearing aids. Provides some of the longest lasting batteries. Shelf life 2 1/2 to 3 years from date of purchase. Power One's new generation of hearing aid Batteries are specially designed to operate longer life time in high current drain applications maintaining higher operating voltage and an increased voltage reserve to the 1.1 V cut-off limit of latest digital hearing aid devices."
Hearing Amplifiers Set with New Digital Technology -  ...,$19.99,3.0/5.0,https://www.walmart.com/ip/Hearing-Amplifiers-Set-New-Digital-Technology-Almost-Invisible-Design-Rechargeable-USB-Dock-Personal-Pair-Sound-Amplifier-Adjustable-Volume-Tone-Cont/770893446,"Hear more clearly and crisply with the NewEAR EAR Hearing Sound Amplifier. Each kit comes with a hard storage case, two earbuds and cleaning brushes. There are also extra ear pieces and batteries in the ITC (pair) EAR sound amplifier pack. Designed to look more discreet, each piece has a natural tone and fits inside the ear canal. The volume of each hearing amplifier can be adjusted to a custom level. Sounds will be more defined while background noises and disturbances are filtered out. This medical instrument is designed to be long-lasting and comfortable. Use the pair as a main hearing aid or as a back-up solution. With the convenient storage box, it's easier to keep the devices clean and they can be efficiently transported when traveling. Two different-sized covers are provided so the user can find the best fit. Have a conversation more easily when you try the NewEAR EAR Hearing Sound Amplifier set."
"Phonak Hearing Aid Open Domes, Size Small",$7.99,5.0/5.0,https://www.walmart.com/ip/Phonak-Hearing-Aid-Open-Domes-Size-Small/128714758,"Phonak Hearing Aid Open Domes, Size Small <br /> <ul>  <li>Phonak Hearing Aid Open Domes, Size Small</li> </ul>"
"Duracell Hearing Aid Batteries with Easy-Fit Tab, Si  ...",$14.9763.0¢/each,4.8/5.0,https://www.walmart.com/ip/Duracell-Hearing-Aid-Batteries-with-Easy-Fit-Tab-Size-312-24-Pack/23810302,"At Duracell, we provide  <b>trusted power</b> to those who depend on us to keep their lives charged. Duracell Hearing Aid Batteries are crafted and infused with triple corrosion protection for battery power you can count on. This 24-pack of high performance hearing aid batteries will last in storage for up to 4 years, so you can rest assured that they will be ready when you need them. Each Duracell Hearing Aid battery tab is extra-long, for ease-of-use and simple installation. Duracell is the #1 trusted battery brand, and is recommended by the Arthritis Foundation for ease of use. We're proud to offer you Duracell 312 Hearing Aid Batteries as part of Duracells trusted lineup of batteries.  <br /> <br />"
NanoClean Fine Instrument Hearing Aid Cleaners (20-s  ...,$4.95,0.0/5.0,https://www.walmart.com/ip/NanoClean-Fine-Instrument-Hearing-Aid-Cleaners-20-strand-pkg/102805162,NanoClean Fine Instrument Hearing Aid Cleaners maintain the hygienic condition and performance level of hearing aids and earpieces
Duracell hearing aid batteries size 312 (80 pack),$20.99,4.8/5.0,https://www.walmart.com/ip/Duracell-hearing-aid-batteries-size-312-80-pack/612269656,"*Easier to open packaging that is compact, discreet and totally protects your batteries.*Reliable and long lasting power for your hearing aid.*Pack of 8 of size 312 1.45-Volt zinc air hearing aid batteries (80 total batteries).*Duracell Hearing Aid Batteries EasyTab."
